time,ML,AP
0.0,-3.0658799436025137,-0.8257076579131212
0.01,-3.006063301593876,-0.8416158700849783
0.02,-2.9486050768712246,-0.8544145679136435
0.03,-2.89448291660873,-0.8645264145679512
0.04,-2.8447988999137226,-0.8733662890329058
0.05,-2.800447733107703,-0.8822189208654353
0.06,-2.7618953219402007,-0.8920859362330266
0.07,-2.7289817505974097,-0.904079932342261
0.08,-2.7007833666563332,-0.9191022806105942
0.09,-2.675748047769236,-0.937394455336737
0.1,-2.6521491829598838,-0.9590080023519788
0.11,-2.628572694493485,-0.9845263444553056
0.12,-2.604212640005632,-1.0149448394674767
0.13,-2.578797059377355,-1.0511547260667937
0.14,-2.55223968063613,-1.0938728074102317
0.15,-2.524606023682682,-1.1436072005346642
0.16,-2.4963894374181503,-1.199918923184537
0.17,-2.4683795919712046,-1.260605816372304
0.18,-2.4412581427867766,-1.3222264006302504
0.19,-2.4156260909693557,-1.3815364810609787
0.2,-2.392161552143414,-1.436189086964398
0.21,-2.371363975861078,-1.4846258687256015
0.22,-2.353283941126059,-1.525657201830492
0.23,-2.337620412622558,-1.5580320446565363
0.24,-2.3239810251428414,-1.5808823489806394
0.25,-2.312112172366389,-1.5945796726056274
0.26,-2.3019122284093005,-1.600513121555097
0.27,-2.293203069035372,-1.6002110871514834
0.28,-2.2856812184027597,-1.5952296636599155
0.29,-2.279105700125238,-1.5877081299122144
0.3,-2.273278686664478,-1.5804218501774292
0.31,-2.2679295804187976,-1.5760513028703702
0.32,-2.2629252664780006,-1.5762822007791746
0.33,-2.25854828441305,-1.581463179372744
0.34,-2.255274905331942,-1.5911119093605492
0.35000000000000003,-2.253130807863323,-1.6044821845704116
0.36,-2.2513730148402464,-1.6208086036043436
0.37,-2.248846662602598,-1.639725559485547
0.38,-2.244525445032362,-1.661339422526037
0.39,-2.2378109628743745,-1.6855465602667006
0.4,-2.228653080193242,-1.7116286874022668
0.41000000000000003,-2.217679968023101,-1.7384473887316767
0.42,-2.20617883302,-1.7647222575671082
0.43,-2.1956878050469126,-1.7895286105370474
0.44,-2.187559162688923,-1.8126390282227174
0.45,-2.1827545098555095,-1.833945410319606
0.46,-2.181717058132941,-1.8529717493097757
0.47000000000000003,-2.184485892900818,-1.869388064452919
0.48,-2.191046066298057,-1.8831654458967744
0.49,-2.201405520351562,-1.89406811194671
0.5,-2.2152981770967335,-1.9019073007217475
0.51,-2.231924348339364,-1.9074330362225111
0.52,-2.2499274849527566,-1.9126435240546609
0.53,-2.2675947573404938,-1.9199631131191333
0.54,-2.283295367535134,-1.931101229402283
0.55,-2.295909355760701,-1.9468433689085936
0.56,-2.3049509718650616,-1.967407537993583
0.5700000000000001,-2.3104487394579465,-1.9924500739615874
0.58,-2.312701716625062,-2.0208359109400145
0.59,-2.3121356017899526,-2.0506825151119243
0.6,-2.3094321000111595,-2.0799453797557064
0.61,-2.3056082865595067,-2.10720192234778
0.62,-2.3018874911867386,-2.131761162148474
0.63,-2.299449125455925,-2.1528136815767063
0.64,-2.2989207377596945,-2.1688550086999636
0.65,-2.2999924057165724,-2.1784015228240703
0.66,-2.301850602387343,-2.180936596191072
0.67,-2.3040485460959155,-2.177067993804032
0.68,-2.306793126402056,-2.168286005276767
0.6900000000000001,-2.310481981107118,-2.1565103912480015
0.7000000000000001,-2.31524649075121,-2.143393553384156
0.71,-2.320943083788086,-2.1298599356697365
0.72,-2.327191464960835,-2.1163039961192656
0.73,-2.333353263515316,-2.1031825001720783
0.74,-2.33878513618478,-2.0914251503659864
0.75,-2.3430993978623134,-2.0822473667648795
0.76,-2.346032625288692,-2.076355103319124
0.77,-2.347255105654999,-2.07343178924312
0.78,-2.346563338881121,-2.0723978340102454
0.79,-2.3441367241875715,-2.0718553362826104
0.8,-2.3404715136040837,-2.0706365759905765
0.81,-2.336105948913374,-2.0682676013008794
0.8200000000000001,-2.3312964221802,-2.064790041782861
0.8300000000000001,-2.326022024786989,-2.0606322413470224
0.84,-2.3203358840833737,-2.0567780593164895
0.85,-2.3144605838820103,-2.054242421174612
0.86,-2.308593450780572,-2.0532721024483207
0.87,-2.3027554035029096,-2.053226333956031
0.88,-2.296794732249877,-2.052993702204864
0.89,-2.2904615181584114,-2.0517222918172324
0.9,-2.283444609022221,-2.049289914816112
0.91,-2.2755518066994522,-2.0460791638477076
0.92,-2.2668745590231096,-2.0426437815861442
0.93,-2.2575697918988102,-2.0395569885488127
0.9400000000000001,-2.247533069790366,-2.0372457070577457
0.9500000000000001,-2.236302201462122,-2.035784729824275
0.96,-2.223342343513812,-2.0348094691293483
0.97,-2.208594786432127,-2.0337586706787723
0.98,-2.1924917500299252,-2.0321735457151506
0.99,-2.175358596119122,-2.0298213555139077
1.0,-2.1572498148750667,-2.026823714064469
1.01,-2.1382601185480223,-2.023622725771282
1.02,-2.118478571658581,-2.02078154772796
1.03,-2.0978216092355244,-2.0188441727940902
1.04,-2.076370605099617,-2.0180251761404397
1.05,-2.0547890343612623,-2.0178385992608816
1.06,-2.034265852303547,-2.0170212706074198
1.07,-2.015928630398431,-2.0136859232612583
1.08,-2.0000281729415788,-2.0057903813801343
1.09,-1.9856129326920193,-1.9919478027050646
1.1,-1.9709363002403517,-1.9720774081969448
1.11,-1.9542016248392284,-1.9473513839332397
1.12,-1.9341929700976306,-1.9195607849646117
1.1300000000000001,-1.9104709403763207,-1.8906883799933962
1.1400000000000001,-1.8832742536511948,-1.8627126488611292
1.1500000000000001,-1.853512347449633,-1.8370601108742464
1.16,-1.822683314427216,-1.814202382680087
1.17,-1.7923430344270137,-1.7938767726912803
1.18,-1.7634305864754167,-1.7752971395243198
1.19,-1.7360635067059085,-1.7574023086810913
1.2,-1.7098115037988602,-1.739887471345618
1.21,-1.6839298665417806,-1.723987909014804
1.22,-1.6574629832927188,-1.7115433590726403
1.23,-1.6297134194947347,-1.703420907605883
1.24,-1.6008353957034234,-1.6988215254706507
1.25,-1.5717110303304036,-1.695705327704735
1.26,-1.5433108874717207,-1.692148541367412
1.27,-1.5162412762020243,-1.6873315601827195
1.28,-1.490599047662278,-1.681250384108833
1.29,-1.4661039146839296,-1.674246058902454
1.3,-1.4423442444244599,-1.6667913259559477
1.31,-1.4188098306991554,-1.6590694289370194
1.32,-1.394754039476202,-1.6509177087367963
1.33,-1.3692518915868048,-1.6420856636320302
1.34,-1.3415006034678272,-1.6319931307226572
1.35,-1.3111185281283375,-1.619546368967421
1.36,-1.2784079454893207,-1.603682221217658
1.37,-1.244429757455546,-1.5840686076027435
1.3800000000000001,-1.2106269989350409,-1.5610618288744522
1.3900000000000001,-1.1782353552116913,-1.5350208260294125
1.4000000000000001,-1.1480541895099061,-1.5062587396647253
1.41,-1.1205738305011579,-1.4755091078283027
1.42,-1.0958845437619251,-1.4433599932534924
1.43,-1.073492384696704,-1.409270948985831
1.44,-1.052620492400332,-1.3719897334163833
1.45,-1.0327817417973035,-1.3308978334552812
1.46,-1.0140121695924327,-1.2866597456746054
1.47,-0.9965912910928615,-1.240897788347081
1.48,-0.9805272674098504,-1.195478610186012
1.49,-0.9653985796975574,-1.1519710715124378
1.5,-0.9508137235982267,-1.1114569261293594
1.51,-0.9367822689246181,-1.0744976492042873
1.52,-0.9235179345271587,-1.0413980957746312
1.53,-0.9112371681365969,-1.012512271260033
1.54,-0.9002294535508975,-0.9879459851826999
1.55,-0.8907764416963285,-0.9671912019087359
1.56,-0.8829045555401378,-0.9492938572596586
1.57,-0.8764616293761562,-0.9329300268214931
1.58,-0.8714029245996077,-0.9162668891698605
1.59,-0.8678904421215453,-0.8973958529139183
1.6,-0.8662000389237647,-0.8751804495057218
1.61,-0.866589085832511,-0.849413895770384
1.62,-0.868981925221272,-0.8203168049509798
1.6300000000000001,-0.8727610730215949,-0.7881852753817293
1.6400000000000001,-0.8771217942142595,-0.7533884333459551
1.6500000000000001,-0.8815303316279978,-0.7164125366845772
1.6600000000000001,-0.8858435535620549,-0.6777370518458377
1.67,-0.8903803951558883,-0.6376580648471775
1.68,-0.895861511803976,-0.5960617076338759
1.69,-0.9029753543621835,-0.5523144836521855
1.7,-0.9119110439116933,-0.5056145053039275
1.71,-0.9222297122070754,-0.4554675236408947
1.72,-0.9332144906712996,-0.4020942001771731
1.73,-0.944538755538748,-0.34687215418708633
1.74,-0.9565694190117578,-0.2922675144633212
1.75,-0.9699677933434959,-0.24086029303720602
1.76,-0.9851431535164082,-0.19425588843720518
1.77,-1.0021043446167823,-0.1531594187396765
1.78,-1.0207024891195189,-0.1179987524575263
1.79,-1.0408710166991817,-0.08863774962582262
1.8,-1.06247604625493,-0.06409820585807255
1.81,-1.0849521578016497,-0.043317433005441955
1.82,-1.1074260369243523,-0.0257114042528256
1.83,-1.129373275218337,-0.01032340234888653
1.84,-1.15092593998639,0.0052166865366784915
1.85,-1.17260872088262,0.023761311536132416
1.86,-1.194989222190085,0.04677849007503568
1.87,-1.2183843696024157,0.07410320971283149
1.8800000000000001,-1.242680711298437,0.1048934437070137
1.8900000000000001,-1.2673893560791536,0.1383629422577653
1.9000000000000001,-1.2917986969135669,0.17403656787292562
1.9100000000000001,-1.3150684353475195,0.21131892242438124
1.92,-1.3364467839193774,0.2490179767147333
1.93,-1.3556281397724173,0.2857246296300886
1.94,-1.3728266287482822,0.320213594800586
1.95,-1.3885057351007262,0.3514484215009467
1.96,-1.4032748838282716,0.378925213006979
1.97,-1.4180238802359972,0.40273672797880344
1.98,-1.4337110171619483,0.42306749453049897
1.99,-1.4508361632930378,0.44023999698065264
2.0,-1.4693086517058205,0.4548780717850286
2.0100000000000002,-1.488814469157902,0.4674417932928483
2.02,-1.509132420636995,0.47787544897457396
2.0300000000000002,-1.5300481624287041,0.48553857358238883
2.04,-1.5510630641540852,0.48944102660953664
2.05,-1.5714401203647483,0.48915822663740105
2.06,-1.5907441699228406,0.4854144153406993
2.07,-1.60924999842578,0.4794774732291115
2.08,-1.6276564174882182,0.47226369999642265
2.09,-1.646446186649959,0.46405804444047505
2.1,-1.6655758981675508,0.4547060406553371
2.11,-1.6847405474295374,0.44406403031978625
2.12,-1.7036671970515496,0.43223714051610773
2.13,-1.7220073461927454,0.4196286539832437
2.14,-1.739242100740634,0.4070918864314964
2.15,-1.7549629317176487,0.3955413288698653
2.16,-1.7691320810348892,0.3852224798660734
2.17,-1.7818822695962062,0.3759492900641169
2.18,-1.7932090624537038,0.3679953682849338
2.19,-1.80316929482377,0.3619701912469006
2.2,-1.8123090755258129,0.35754340960305214
2.21,-1.8216351925062835,0.352921091570499
2.22,-1.8321672213465026,0.34596302204256196
2.23,-1.8445706242175541,0.3356147639514139
2.24,-1.8590339640983307,0.32215549676703115
2.25,-1.8753339487630576,0.3061738322801458
2.2600000000000002,-1.893098096427272,0.28764408542350545
2.27,-1.912006572561855,0.2659988191029412
2.2800000000000002,-1.9317239876665446,0.2407841723190789
2.29,-1.9517916661836985,0.21211866428655168
2.3000000000000003,-1.9716771708046614,0.18030789580571194
2.31,-1.9909412093512795,0.14523775406296988
2.32,-2.009373904005017,0.1066546910877151
2.33,-2.0269858423895553,0.06483779033886564
2.34,-2.0439416465643343,0.020979115931402177
2.35,-2.060475254814885,-0.022650228394926294
2.36,-2.076663953556692,-0.0631746049516996
2.37,-2.092226132892917,-0.09826006466641142
2.38,-2.1066331828138765,-0.1270665870441929
2.39,-2.119394678438683,-0.15054173108089192
2.4,-2.13026293417425,-0.17097819518377524
2.41,-2.1392572811385735,-0.19115540439670028
2.42,-2.1464635799736307,-0.2138934217657018
2.43,-2.1519093829922076,-0.24186940042892466
2.44,-2.155729354860023,-0.2770278526487938
2.45,-2.1582388624647657,-0.3200716022096746
2.46,-2.1598328991619167,-0.37020771523693796
2.47,-2.161076938809259,-0.4249418348939926
2.48,-2.1626764973048074,-0.48071838453236776
2.49,-2.1650103678233457,-0.5342275330942231
2.5,-2.1679621264500457,-0.582965725989191
2.5100000000000002,-2.1712521101692586,-0.6251495821136532
2.52,-2.174535996501798,-0.6599462197303119
2.5300000000000002,-2.177251346823881,-0.6877439323731369
2.54,-2.1786018273209566,-0.7099179350470747
2.5500000000000003,-2.1777592316571006,-0.7280294154096628
2.56,-2.1742509204566334,-0.74301936071096
2.57,-2.1682037720809686,-0.7553866170551046
2.58,-2.160154165874728,-0.7659870778510134
2.59,-2.1506103807182284,-0.7763228547724728
2.6,-2.1398718509197714,-0.7878710605051342
2.61,-2.1283000384658197,-0.8011072629570394
2.62,-2.116548399468236,-0.8159675525924183
2.63,-2.105313864458306,-0.833265244066584
2.64,-2.094974480334901,-0.8546312374266396
2.65,-2.0856986802146293,-0.8810010496257915
2.66,-2.077842007992415,-0.9116073571367539
2.67,-2.071872749379573,-0.9445966658977627
2.68,-2.0678796048751966,-0.9785427652040238
2.69,-2.065483076598588,-1.0130830126491954
2.7,-2.0641556819901536,-1.048420249300849
2.71,-2.0633900776841503,-1.084780129586856
2.72,-2.062728931403015,-1.1220368933809601
2.73,-2.0617793809237632,-1.1594887247485197
2.74,-2.060049089610524,-1.1962063303335693
2.75,-2.056747067094064,-1.2316062620493564
2.7600000000000002,-2.050999289989599,-1.2654771525077673
2.77,-2.0423374849192655,-1.2976823169517535
2.7800000000000002,-2.0309098247178143,-1.3284153979747049
2.79,-2.0174516877654423,-1.3587458073871006
2.8000000000000003,-2.0031237257873085,-1.390031353150024
2.81,-1.9889923913140066,-1.4225271749131179
2.82,-1.9755000677884185,-1.4551781167983773
2.83,-1.9625777940860372,-1.4866850532988056
2.84,-1.9501884660909536,-1.5163267432944076
2.85,-1.9385378338581467,-1.5438658112185812
2.86,-1.9278201816379044,-1.5687957990701182
2.87,-1.9180181735167354,-1.589804936627624
2.88,-1.9090234889611621,-1.6055040346253258
2.89,-1.9008199424348697,-1.6158618554846447
2.9,-1.8934907510370556,-1.6225078617721964
2.91,-1.887114234632445,-1.6277383979950526
2.92,-1.8816708586714144,-1.6337197814296904
2.93,-1.8771258764222438,-1.6420216409388282
2.94,-1.8736503817339432,-1.6529081976932773
2.95,-1.871431012290117,-1.6653217954809187
2.96,-1.8700958466772262,-1.6777457960910287
2.97,-1.868526927858412,-1.6886380801391563
2.98,-1.865159942788985,-1.6964592018873892
2.99,-1.8585019674299263,-1.7002542545314552
3.0,-1.8477233411430674,-1.7004714346947345
3.0100000000000002,-1.832888251416485,-1.6989262978319228
3.02,-1.8147221916307563,-1.697731039195939
3.0300000000000002,-1.7944328045023712,-1.6979433989438018
3.04,-1.7737303735627787,-1.6989688858563712
3.0500000000000003,-1.7546027510490312,-1.6993135455307158
3.06,-1.7387719812000464,-1.698004747289402
3.0700000000000003,-1.7272137772073375,-1.695373782889894
3.08,-1.7198579566000516,-1.6925350721614008
3.09,-1.7155989207953934,-1.6904375504534652
3.1,-1.7128812336085846,-1.6898450892334669
3.11,-1.7104862652986075,-1.6917206467918413
3.12,-1.7079097676879902,-1.696838186363878
3.13,-1.7053569395064423,-1.7048217439195934
3.14,-1.7035062253078412,-1.713640890976637
3.15,-1.703069807192903,-1.7205521103716122
3.16,-1.7044311559414775,-1.7238100676092096
3.17,-1.7075975105145689,-1.7231841316459309
3.18,-1.7123910689373998,-1.719329019982818
3.19,-1.7185337612549398,-1.7135515096926517
3.2,-1.7254712987304903,-1.707700080838331
3.21,-1.7323813741748848,-1.703145429427849
3.22,-1.7384951129743722,-1.69977167633123
3.23,-1.7432853204143512,-1.696328997871216
3.24,-1.7466264353566374,-1.6918254216922246
3.25,-1.7491498539963943,-1.6867053973909514
3.2600000000000002,-1.7521635354049738,-1.6829887687694762
3.27,-1.7569387015284244,-1.6831953483378694
3.2800000000000002,-1.7641354122799542,-1.6888414596956198
3.29,-1.7736380783858667,-1.7000206406081448
3.3000000000000003,-1.784705785131964,-1.7158367210736305
3.31,-1.7964600897269092,-1.7344762199136687
3.3200000000000003,-1.808368532921848,-1.7534230572047231
3.33,-1.8203275923310143,-1.770162559118063
3.34,-1.832385952489307,-1.7827698525248594
3.35,-1.8444904694858817,-1.7902874415078747
3.36,-1.8564723134012442,-1.7927713174890507
3.37,-1.8683013856209287,-1.7910545799515056
3.38,-1.8803332345147914,-1.7864301167360936
3.39,-1.893014609167652,-1.7800656321028632
3.4,-1.9064790280296082,-1.7725357997188793
3.41,-1.9207238295350828,-1.7640148340415054
3.42,-1.9359264704806438,-1.7548257503005045
3.43,-1.952374677624954,-1.745687296242985
3.44,-1.9702861558459583,-1.7373983854725732
3.45,-1.9899388391442934,-1.730540244479498
3.46,-2.0117159063853784,-1.725870362527536
3.47,-2.035623100188799,-1.7247376385282283
3.48,-2.060926189390062,-1.7282971889599987
3.49,-2.086405729181154,-1.7361026858800046
3.5,-2.1110345607444434,-1.7460297873079902
3.5100000000000002,-2.1346638339050568,-1.7558696637982014
3.52,-2.1579586662104453,-1.7647303471408178
3.5300000000000002,-2.1816408824348783,-1.7731219229035007
3.54,-2.2059934184648022,-1.7824554241065749
3.5500000000000003,-2.230890429684516,-1.7943453944278274
3.56,-2.2560263715135997,-1.8095642876352518
3.5700000000000003,-2.2811234574709793,-1.8275060543895534
3.58,-2.3060993304798023,-1.846891327249336
3.59,-2.331216413945424,-1.8668133585704083
3.6,-2.3571183834651697,-1.8870060940689053
3.61,-2.3847366746875527,-1.9074211289901402
3.62,-2.415056677298305,-1.927824203027379
3.63,-2.4487541994660624,-1.947824987804463
3.64,-2.486095454671266,-1.967255532210229
3.65,-2.5270403987470123,-1.9862155398354344
3.66,-2.5713867242543142,-2.004587799783993
3.67,-2.6189385850371667,-2.021731576649427
3.68,-2.669527765574894,-2.0368287599222463
3.69,-2.722842429697832,-2.0495020014172365
3.7,-2.7782334934342137,-2.0603256180355194
3.71,-2.83464530289431,-2.0710985830366364
3.72,-2.890724693774165,-2.084391174930231
3.73,-2.945054303303953,-2.1022481442665955
3.74,-2.996478425916284,-2.1251888696313075
3.75,-3.044373323520579,-2.1522508040328288
3.7600000000000002,-3.088662177199255,-2.181546442519801
3.77,-3.1296782308848354,-2.2109750106036032
3.7800000000000002,-3.1680304631314753,-2.2388104949099192
3.79,-3.2044153052144178,-2.263785290893834
3.8000000000000003,-3.2393472312255156,-2.285045172467264
3.81,-3.273048983330618,-2.302393037661388
3.8200000000000003,-3.305642571336824,-2.316358320914413
3.83,-3.3371957073379965,-2.327816492422038
3.84,-3.3672830631638946,-2.3376259686608747
3.85,-3.3948541064438245,-2.3464854246616302
3.86,-3.41902341747679,-2.3549774867350717
3.87,-3.439687810358694,-2.3634777480463685
3.88,-3.4572735920419246,-2.3719038662870546
3.89,-3.4725651449381485,-2.3802178080643803
3.9,-3.4869345783052195,-2.3891044664473204
3.91,-3.5021976991549777,-2.399320656729633
3.92,-3.5199352788415346,-2.41060126136856
3.93,-3.5409174562474552,-2.421670438682472
3.94,-3.5650005161595693,-2.4310624477302687
3.95,-3.591299140458486,-2.4378036078209893
3.96,-3.6184720933491707,-2.441435424655886
3.97,-3.645111355293183,-2.44187758685438
3.98,-3.6701467789587676,-2.43998349326421
3.99,-3.6930372044452606,-2.4377961985881513
4.0,-3.713496325352368,-2.43741888430334
4.01,-3.731143805568082,-2.4399004096869445
4.0200000000000005,-3.7455675604181287,-2.4453919704436786
4.03,-3.756393406006417,-2.45358867944977
4.04,-3.7632617830513233,-2.463457557257535
4.05,-3.7662096481407246,-2.4729177566837035
4.0600000000000005,-3.7660031349132987,-2.47960019004361
4.07,-3.763716442144748,-2.4823280402579213
4.08,-3.7600784435306025,-2.4816845184268375
4.09,-3.755182598492435,-2.4792018742203115
4.1,-3.748564333735147,-2.4761518534746734
4.11,-3.739687706750234,-2.472842373515061
4.12,-3.728419763353667,-2.4687999473367186
4.13,-3.7147953894653547,-2.463252331642906
4.14,-3.6988051015140737,-2.4554196133124657
4.15,-3.680366282416343,-2.444738343095846
4.16,-3.659181175022824,-2.4311446491942417
4.17,-3.6347642868091903,-2.415220984465971
4.18,-3.606744704673388,-2.398109782433343
4.19,-3.5748946111979136,-2.381241049889298
4.2,-3.538912586402422,-2.365688516281874
4.21,-3.4985336351512752,-2.3511955771649724
4.22,-3.4538543659660257,-2.3359367811336202
4.23,-3.4053619069318595,-2.3174701714991426
4.24,-3.3537364459319123,-2.2940912913052434
4.25,-3.2997390873039016,-2.2659176072005143
4.26,-3.2440799031059226,-2.2347011847845315
4.2700000000000005,-3.1872876314941823,-2.202525016990935
4.28,-3.1298618024842955,-2.171187459441083
4.29,-3.0724864961580125,-2.142343957936409
4.3,-3.0159509131799602,-2.1174526786753414
4.3100000000000005,-2.9609135632756773,-2.097515468766437
4.32,-2.907679776198068,-2.08248892502529
4.33,-2.856076504674337,-2.0704332672886223
4.34,-2.8056167404571073,-2.0575140060091295
4.3500000000000005,-2.755890546252618,-2.0395495723595705
4.36,-2.7067808465129137,-2.013868033214501
4.37,-2.6583528114129074,-1.979941783441286
4.38,-2.610811996784383,-1.9389957507887865
4.39,-2.5646729677535736,-1.8934264065935271
4.4,-2.520747535444264,-1.8460149328409192
4.41,-2.4798293516364907,-1.798984008299566
4.42,-2.442281168392277,-1.7538022381278513
4.43,-2.4077951960461434,-1.7117448534413193
4.44,-2.375563249175191,-1.6740192893626387
4.45,-2.3446522138617296,-1.6413993363709882
4.46,-2.314122358178901,-1.6142284640740696
4.47,-2.2829744249710013,-1.5923824918841136
4.48,-2.2503839027220836,-1.5747806866126155
4.49,-2.2161555107191084,-1.5594773928494603
4.5,-2.1808256996111903,-1.5443334504873574
4.51,-2.145302740709951,-1.5275291468052477
4.5200000000000005,-2.110627632656144,-1.5081232891277958
4.53,-2.0778993925013673,-1.4858741649466258
4.54,-2.048038767832265,-1.459982661787337
4.55,-2.021723926993701,-1.4289598173060165
4.5600000000000005,-1.9993806152121476,-1.3923340205274295
4.57,-1.9809285492006912,-1.3519237746489026
4.58,-1.9658425852438874,-1.3113368786361452
4.59,-1.953460068140863,-1.2744225329795746
4.6000000000000005,-1.9431230989310087,-1.24389828627343
4.61,-1.9344769063015743,-1.2209236493040727
4.62,-1.9278126184973094,-1.2052889692664035
4.63,-1.9238740538642107,-1.1956738113217336
4.64,-1.9235835174705385,-1.1901505228161828
4.65,-1.9278898163276812,-1.1865591750642257
4.66,-1.9376792361694686,-1.1825702355429972
4.67,-1.9536008541577736,-1.176060884094711
4.68,-1.9758225823775288,-1.1656283097313753
4.69,-2.003930574645448,-1.1506820904960087
4.7,-2.037030904127914,-1.1312673080623026
4.71,-2.074046821376033,-1.1076774139519314
4.72,-2.1139929379387468,-1.0801825952263768
4.73,-2.1560699293347945,-1.049364109931046
4.74,-2.199761780031742,-1.0164832727661002
4.75,-2.2448623736351214,-0.9834243453511531
4.76,-2.2913210635390704,-0.9524895290311444
4.7700000000000005,-2.339098781029653,-0.9258943989830113
4.78,-2.387972174584353,-0.904768153322456
4.79,-2.4373238205227343,-0.8885631615450144
4.8,-2.4862779796686967,-0.8758777702997499
4.8100000000000005,-2.5340604952056625,-0.8656925496877116
4.82,-2.580200979915804,-0.8574414871143042
4.83,-2.624572440342232,-0.8504472664350936
4.84,-2.6673687408784925,-0.8438419445866926
4.8500000000000005,-2.708990798879907,-0.8367885274350092
4.86,-2.7498692203408535,-0.8285902349484625
4.87,-2.790293888670805,-0.8188205073984082
4.88,-2.830303868738115,-0.8074963088347825
4.89,-2.869769221824909,-0.7950987980883565
4.9,-2.9085230131991087,-0.782763228705761
4.91,-2.9462256665978583,-0.7724658127724994
4.92,-2.9822904127912846,-0.7658925419203606
4.93,-3.0162607281230565,-0.7626738609407664
4.94,-3.0481901846533517,-0.7605504558978828
4.95,-3.078588428355623,-0.7572369579153094
4.96,-3.1080565288211877,-0.7513780564649524
4.97,-3.1368429418172377,-0.742015741813112
4.98,-3.1646318207020507,-0.728208476036969
4.99,-3.190776564101979,-0.7094942301882876
5.0,-3.2147439887244738,-0.6862523554668956
5.01,-3.2363830664428237,-0.6591646886455467
5.0200000000000005,-3.2557796686140414,-0.628288239117659
5.03,-3.272816299058617,-0.5931569418736475
5.04,-3.287065531629625,-0.5539022610216957
5.05,-3.298100978373767,-0.5117983018374628
5.0600000000000005,-3.3054710690615714,-0.4690229479449494
5.07,-3.3084280049006454,-0.4283659817781418
5.08,-3.3061976448160673,-0.39250924226128836
5.09,-3.2986121379922593,-0.36290519831106804
5.1000000000000005,-3.2862350140984278,-0.33946658955904874
5.11,-3.269805148488821,-0.32115825057469444
5.12,-3.249750350384827,-0.3064842101685519
5.13,-3.2262870621630784,-0.2936894792508397
5.14,-3.199847726101013,-0.2805464896616934
5.15,-3.171007411670843,-0.26384173090798335
5.16,-3.140085616218998,-0.2402044424908592
5.17,-3.1072989175206365,-0.20821564282575658
5.18,-3.0729224475606505,-0.1691955521034898
5.19,-3.0370484925428904,-0.12614131245350427
5.2,-2.9993786381222733,-0.0825119713742895
5.21,-2.959401577707405,-0.04149930029547673
5.22,-2.9167587680642804,-0.005224705676947161
5.23,-2.871414558952023,0.02595306138262091
5.24,-2.8235611518979002,0.05318474799743568
5.25,-2.7733703748916674,0.0780621827884584
5.26,-2.7207290278231286,0.10197306752685269
5.2700000000000005,-2.6652915186904798,0.12630433911510455
5.28,-2.6068032432104404,0.15261019966609352
5.29,-2.545159761249859,0.18218087429720703
5.3,-2.480257844005388,0.2153803545793525
5.3100000000000005,-2.4121789531032376,0.25146865417033765
5.32,-2.341441793723514,0.28901170173606794
5.33,-2.2687691086706065,0.32644126942345025
5.34,-2.1947604351227556,0.3626640889206
5.3500000000000005,-2.1198850719716353,0.3975151024479846
5.36,-2.044565823033755,0.43164691990548376
5.37,-1.969238492342754,0.46594042974930816
5.38,-1.894307373389446,0.5009054655570225
5.39,-1.8199931540479526,0.5365265149142907
5.4,-1.746285079580288,0.5724579587601103
5.41,-1.6729751502729595,0.6080917155625354
5.42,-1.5996937069657469,0.642594982216397
5.43,-1.5260279199517714,0.6751993699107113
5.44,-1.4517405206071823,0.705433746880576
5.45,-1.376864121729358,0.7328706336359598
5.46,-1.3016584903234882,0.7564809350657185
5.47,-1.2267431424397206,0.7745249615527783
5.48,-1.1531696367463542,0.7856500113704651
5.49,-1.0820703552075093,0.7900304681000451
5.5,-1.0142385300805818,0.7890227560353519
5.51,-0.9499587622550606,0.7839068621600945
5.5200000000000005,-0.8890815331225641,0.7753052268114362
5.53,-0.8313855767539485,0.7635356184796632
5.54,-0.7768636607152997,0.7493072585599854
5.55,-0.7255960923203649,0.7341807747680617
5.5600000000000005,-0.6776548064308391,0.7200939374058042
5.57,-0.633193137113015,0.7081659472746225
5.58,-0.5923286839273892,0.6979357141762704
5.59,-0.5549278833892356,0.6876222997747614
5.6000000000000005,-0.5206551293093057,0.675071501254683
5.61,-0.48916204314504574,0.6587209126120596
5.62,-0.46016396833470047,0.6379281306607011
5.63,-0.4335219462167828,0.6124462402191723
5.64,-0.4093612728076684,0.5817629713498276
5.65,-0.3879391278548221,0.5452609602004348
5.66,-0.3694422321346527,0.5028816323923653
5.67,-0.35429254648436437,0.45493413822262335
5.68,-0.34331812005846146,0.4015051822546612
5.69,-0.3375379018845029,0.34273638662841877
5.7,-0.33766294421788373,0.2796969193782086
5.71,-0.34362286481873794,0.21431469869916972
5.72,-0.3546298083401602,0.14848963554860245
5.73,-0.3698059657648123,0.08363803852450435
5.74,-0.3885984363638214,0.020755662128799937
5.75,-0.41078343045072857,-0.03969725549315214
5.76,-0.4363775800722105,-0.09793867828914551
5.7700000000000005,-0.4653588127695051,-0.1546530724511056
5.78,-0.4972901383993984,-0.21088268983186545
5.79,-0.5312463504069124,-0.26816371904631725
5.8,-0.5661067894615797,-0.3283914794554512
5.8100000000000005,-0.600953307712745,-0.39353338174248964
5.82,-0.635343727497551,-0.46541027209008495
5.83,-0.6694336927654045,-0.5450725367846527
5.84,-0.7038044770741698,-0.6319674162401326
5.8500000000000005,-0.7389315560936802,-0.7240039316699624
5.86,-0.7748634713436491,-0.8186631256645004
5.87,-0.8113832915627938,-0.913999214205734
5.88,-0.8482870307435272,-1.0089169396348536
5.89,-0.885624037862779,-1.102892477573692
5.9,-0.9236143850703306,-1.195237668829886
5.91,-0.9622564700929929,-1.2847217352218054
5.92,-1.0014286513721111,-1.3702551514876142
5.93,-1.0413630789486747,-1.4516252402941903
5.94,-1.082592250258834,-1.5290906706959126
5.95,-1.1255999500871696,-1.6023282924099078
5.96,-1.1706945226007661,-1.6700571864683809
5.97,-1.217970822072783,-1.7306309154276664
5.98,-1.2672978851590138,-1.782803571554461
5.99,-1.3182738036203756,-1.8262387542955032
6.0,-1.3701179705367283,-1.8619929725569433
6.01,-1.4217327136737754,-1.8926468961722078
6.0200000000000005,-1.4720273044593957,-1.9214938860706712
6.03,-1.5201869289999963,-1.9514018581919979
6.04,-1.565573684373201,-1.984349523417745
6.05,-1.6074937173551054,-2.0215313764998277
6.0600000000000005,-1.6453572158393723,-2.0635015475524687
6.07,-1.6791922286830587,-2.110281194014296
6.08,-1.7097532209028863,-2.16150601847837
6.09,-1.738086402530085,-2.2165200923905197
6.1000000000000005,-1.7651571408543305,-2.274033173289614
6.11,-1.7916300265632963,-2.3315374412033596
6.12,-1.8178422066349953,-2.385512282363905
6.13,-1.8440766080199813,-2.432491713377532
6.140000000000001,-1.8706824106072983,-2.47008845701665
6.15,-1.8979030385047577,-2.4975185442593983
6.16,-1.925718468044752,-2.5154894305333877
6.17,-1.9538007308068173,-2.5256570874504547
6.18,-1.9814634212392288,-2.529987828362402
6.19,-2.007958038372853,-2.530501097381896
6.2,-2.0327346269147655,-2.5286674340836295
6.21,-2.055387607225555,-2.5246458579881184
6.22,-2.0755150434951397,-2.5172671502143826
6.23,-2.092654347366262,-2.50455346602815
6.24,-2.1063310151583456,-2.4844406476407013
6.25,-2.1162445829511856,-2.4558310385731073
6.26,-2.1223822770218415,-2.419220353131076
6.2700000000000005,-2.1249410469252483,-2.376436885998639
6.28,-2.1242155593557577,-2.3300692968901107
6.29,-2.120600476445806,-2.282654738731442
6.3,-2.1147996515139473,-2.2360315064621337
6.3100000000000005,-2.107951571229082,-2.1917240508861435
6.32,-2.101183821633962,-2.151469552348608
6.33,-2.095010232953061,-2.11659091469919
6.34,-2.0893384047459476,-2.086991133396575
6.3500000000000005,-2.0838200375040627,-2.0610237343227866
6.36,-2.078072538614023,-2.036392930104965
6.37,-2.0718114508547125,-2.011440210563654
6.38,-2.0647677435794707,-1.9855375209125607
6.390000000000001,-2.0565200540556727,-1.958316500676177
6.4,-2.046654191420228,-1.928986454955291
6.41,-2.0350359016913293,-1.8964742702181385
6.42,-2.0218732892206113,-1.8600511215128608
6.43,-2.007518694309519,-1.8198164695390175
6.44,-1.9920997382118333,-1.7766986528921835
6.45,-1.9755259824141198,-1.7318759621543447
6.46,-1.957892751100672,-1.6858618364576343
6.47,-1.9396099122468018,-1.638185135894803
6.48,-1.9213551302917982,-1.5880597313788027
6.49,-1.9041590900470302,-1.534950280148642
6.5,-1.889215245172629,-1.4784436329542143
6.51,-1.877315960817847,-1.4184168305731668
6.5200000000000005,-1.8685526163082595,-1.3556877972652501
6.53,-1.8626154653117093,-1.291941831048363
6.54,-1.8591857294890688,-1.2286793143161796
6.55,-1.8579065440160116,-1.1664602664662327
6.5600000000000005,-1.8581358983933576,-1.10516598545465
6.57,-1.8587985479809805,-1.0445395054247186
6.58,-1.858369687399694,-0.9844456027876848
6.59,-1.8551755679656055,-0.9250923972642616
6.6000000000000005,-1.8480872096155088,-0.8672697727192542
6.61,-1.8370221409685168,-0.8122234127445588
6.62,-1.822757768723572,-0.761324875280638
6.63,-1.8064242785592517,-0.7161272514810734
6.640000000000001,-1.7891940599125822,-0.6781442773988602
6.65,-1.7721558241872999,-0.6479298390275563
6.66,-1.75613412944495,-0.6249734270224941
6.67,-1.7415538359673919,-0.60865278117929
6.68,-1.7286210553683805,-0.5985548229532177
6.69,-1.7178222842774882,-0.5941743222825983
6.7,-1.7101817309289826,-0.5946970702059042
6.71,-1.706911850540118,-0.5990712968536072
6.72,-1.7086560474724926,-0.606284693197958
6.73,-1.715049406236707,-0.6154447074135487
6.74,-1.7250691670148466,-0.6256521687009252
6.75,-1.7376041258138823,-0.6363445974464744
6.76,-1.751629365620348,-0.6477994160067531
6.7700000000000005,-1.7662697773521008,-0.6605993390193031
6.78,-1.7809697858179605,-0.6748035339818832
6.79,-1.7954377280669673,-0.6900763957701124
6.8,-1.8094410560724854,-0.7060032694717522
6.8100000000000005,-1.8228252831544745,-0.7218700734643761
6.82,-1.835666327415705,-0.7361900925545585
6.83,-1.8484632380759867,-0.7467795852518714
6.84,-1.8622733077453149,-0.7520214544916605
6.8500000000000005,-1.8783168510807453,-0.7519862523843014
6.86,-1.897165917070676,-0.7480576939575467
6.87,-1.9182661448221079,-0.7420020658646129
6.88,-1.9401503309898795,-0.7354782280770641
6.890000000000001,-1.9610816221237093,-0.730022316564866
6.9,-1.9796098282984014,-0.7272070221487884
6.91,-1.9949397725889746,-0.7284408663101156
6.92,-2.007148305396918,-0.7345932550861216
6.93,-2.017012021318892,-0.7457162643747599
6.94,-2.0256198815222675,-0.7606823214715972
6.95,-2.0340591818445675,-0.7775195002815165
6.96,-2.0430530788285535,-0.7946702450690615
6.97,-2.05269198781684,-0.8117288534950432
6.98,-2.0626021060937245,-0.82927260130889
6.99,-2.072467241808309,-0.8484337957135438
7.0,-2.082493965921596,-0.8702547687564214
7.01,-2.0934232488232674,-0.8951404012055393
7.0200000000000005,-2.1061068155900062,-0.9227557423920555
7.03,-2.1211138539778887,-0.9520360555892067
7.04,-2.1385526044592567,-0.9811901078845275
7.05,-2.1580299695525356,-1.0080123846843914
7.0600000000000005,-2.1787725869013475,-1.0307288989510293
7.07,-2.199647804629543,-1.0486175178453276
7.08,-2.219089312872167,-1.0613975100798891
7.09,-2.2353033103424544,-1.068428741762486
7.1000000000000005,-2.2467057656525027,-1.0692475057265498
7.11,-2.2524761354884295,-1.0644695946374716
7.12,-2.2529393846622714,-1.0554166655712858
7.13,-2.249341689763773,-1.0432516363385842
7.140000000000001,-2.2433037403085767,-1.0290529287898547
7.15,-2.2363472029830374,-1.0141723103408289
7.16,-2.229519287953253,-0.9998426228796043
7.17,-2.2233566500439634,-0.9864665365590775
7.18,-2.218130346814075,-0.9734889846125072
7.19,-2.213932026843209,-0.960047520743556
7.2,-2.2105977188222083,-0.9457188864549442
7.21,-2.2076964964170993,-0.9306796728841387
7.22,-2.204657928462639,-0.9153159022890681
7.23,-2.2008571839506255,-0.8999358894257414
7.24,-2.1954443805265043,-0.8850052986988053
7.25,-2.1873335235310862,-0.8711384506467938
7.26,-2.1758527887791317,-0.8586989857803539
7.2700000000000005,-2.161240863888091,-0.8476112399290698
7.28,-2.1443045591266077,-0.8372650277212924
7.29,-2.125914859605188,-0.8267964143355309
7.3,-2.106912959706949,-0.8156730536061197
7.3100000000000005,-2.0881424252766316,-0.8038018609132018
7.32,-2.0702247496539483,-0.7915381972142319
7.33,-2.0533146076049804,-0.7794993219986059
7.34,-2.037205999722338,-0.7679390807753855
7.3500000000000005,-2.021574955156828,-0.7566764334991415
7.36,-2.006067200851116,-0.7453645686863254
7.37,-1.9903528962466015,-0.7334287453898457
7.38,-1.974268555831057,-0.7200572298121108
7.390000000000001,-1.9578595608272154,-0.7039868787081411
7.4,-1.9413374664557228,-0.6833905403454686
7.41,-1.925031760091173,-0.6571872941347728
7.42,-1.9092318165705102,-0.6266546213128031
7.43,-1.8940103304414888,-0.5949793810911211
7.44,-1.878951212945284,-0.5651786652529519
7.45,-1.8629977901843748,-0.5386476735575201
7.46,-1.8450448158488073,-0.5151561518305033
7.47,-1.824782579204005,-0.49340519315793696
7.48,-1.8028056780580164,-0.471710199128959
7.49,-1.7800820228769574,-0.4489375604125009
7.5,-1.757448017330612,-0.42488981366501566
7.51,-1.7355275492330522,-0.3995528832739129
7.5200000000000005,-1.7149566768522728,-0.3724223655736335
7.53,-1.6963962504875976,-0.34311962167166166
7.54,-1.6801741898319813,-0.31234939500294584
7.55,-1.6660211928139457,-0.28167112643263575
7.5600000000000005,-1.6532513163147669,-0.25231699913248384
7.57,-1.6411492603615647,-0.22454345761614886
7.58,-1.6292325825441023,-0.1983870287881082
7.59,-1.617247769615798,-0.1747468694779668
7.6000000000000005,-1.6048971996801051,-0.1549625544734538
7.61,-1.591790138619791,-0.1393328088288045
7.62,-1.5778331209383154,-0.12684812843188958
7.63,-1.5634303449433378,-0.11634845429153598
7.640000000000001,-1.5492059146621902,-0.10723401215332462
7.65,-1.535621114295561,-0.09931354795784494
7.66,-1.5228631253240426,-0.09267260968735412
7.67,-1.5109977354579174,-0.08767524418089254
7.68,-1.5000423901119073,-0.08469985521309381
7.69,-1.4899745265809239,-0.08362855014724109
7.7,-1.4808718750726984,-0.08354029391097102
7.71,-1.4728708296684885,-0.08272306189967475
7.72,-1.4659418063094454,-0.07894746620480383
7.73,-1.4598933471871074,-0.07022059482315753
7.74,-1.454577510405164,-0.05598460460609532
7.75,-1.4498132528076855,-0.03765758779014605
7.76,-1.4452382345926649,-0.017827033449953553
7.7700000000000005,-1.4404489620416234,0.0010918835681970884
7.78,-1.4353276010453322,0.01727312420793365
7.79,-1.430165290301663,0.028956320530834294
7.8,-1.4255111094293047,0.03430292119278417
7.8100000000000005,-1.4223001094896288,0.0315840985318259
7.82,-1.4220570552784788,0.01930404056599165
7.83,-1.4262734026234498,-0.002867049363197635
7.84,-1.4353783667676105,-0.03283670350351686
7.8500000000000005,-1.4485167367735656,-0.06624619018276255
7.86,-1.4640837029314424,-0.09819791163828868
7.87,-1.4802689522605204,-0.1251302502697893
7.88,-1.4956091630717436,-0.14543135108967692
7.890000000000001,-1.5095650944791403,-0.1588749882778437
7.9,-1.522540035333834,-0.16614500534976728
7.91,-1.5352355079329105,-0.16883242249860725
7.92,-1.5481094477362947,-0.16910837095768577
7.930000000000001,-1.5613426179226182,-0.16888955753849322
7.94,-1.5748640048658964,-0.1693764945831884
7.95,-1.5882036524206042,-0.1710333878682419
7.96,-1.600536757147392,-0.17348382268876453
7.97,-1.6111561767410083,-0.17588546875186728
7.98,-1.619981159182957,-0.17783711430497712
7.99,-1.6274951949803558,-0.17978438363063112
8.0,-1.6342880244023796,-0.18259746535514118
8.01,-1.6407679461418045,-0.1867618314367438
8.02,-1.646998735286754,-0.19199991092740812
8.03,-1.6526727477986394,-0.19798990995857746
8.040000000000001,-1.657425326910055,-0.2054336846780273
8.05,-1.661042750437879,-0.21592394421832323
8.06,-1.6632833854465476,-0.23058481177236406
8.07,-1.6638090888121944,-0.24892702689671722
8.08,-1.662495462896045,-0.26896151895314047
8.09,-1.659815338827264,-0.2884657369802833
8.1,-1.656863825270561,-0.3061576487277723
8.11,-1.6548211907753172,-0.3219929042748063
8.120000000000001,-1.65420789469714,-0.337141099195694
8.13,-1.654571495556823,-0.35353092657574803
8.14,-1.6548284487244322,-0.37266608919920735
8.15,-1.6539594398047652,-0.3949064595210978
8.16,-1.651393024442396,-0.41974824309420594
8.17,-1.6467486086494278,-0.44619188240448815
8.18,-1.6396561353557486,-0.4728065492232853
8.19,-1.6300952260797115,-0.49782487091742683
8.2,-1.6185384424051656,-0.5196427227979513
8.21,-1.6055681338982455,-0.5375003237430822
8.22,-1.5915658963042656,-0.5516950233167855
8.23,-1.5766834038823663,-0.5630640997436273
8.24,-1.5610287853610347,-0.5721746319629835
8.25,-1.544821994343403,-0.5791061745994847
8.26,-1.5283360251474882,-0.5841172114553288
8.27,-1.5116954572643744,-0.5880816253304272
8.28,-1.494907272988421,-0.5920170577452954
8.290000000000001,-1.4779333496375278,-0.5965186526803046
8.3,-1.4604317009229584,-0.6018207899004734
8.31,-1.4418131855875795,-0.6080529357322383
8.32,-1.4218718129806245,-0.6151879841081012
8.33,-1.401099430476091,-0.6230491534493854
8.34,-1.380333544590456,-0.6315773277998926
8.35,-1.3601480905772942,-0.6406679504721611
8.36,-1.3404286360446507,-0.6496178086683339
8.370000000000001,-1.3205221758883967,-0.6572280853716794
8.38,-1.2998556457444221,-0.6624522084872355
8.39,-1.2783580431422492,-0.6647202208720036
8.4,-1.2563032717431748,-0.6638850485533543
8.41,-1.2339818858435392,-0.6600233188231197
8.42,-1.2116972999884594,-0.6533790760581774
8.43,-1.189833369815828,-0.6445007379270261
8.44,-1.1686045054708722,-0.6342358053807929
8.45,-1.1478803951414966,-0.6240004572315787
8.46,-1.1276353336300928,-0.6160838189180622
8.47,-1.108387085439243,-0.6126126339997795
8.48,-1.0906841944033563,-0.614059502209578
8.49,-1.0743649638138222,-0.6192457313218311
8.5,-1.0587542462956907,-0.6263984684345032
8.51,-1.043353956226919,-0.6340461020977687
8.52,-1.0280714314640242,-0.6415255564100741
8.53,-1.0130395006347381,-0.6491600581038409
8.540000000000001,-0.9983903331569282,-0.6579683776591602
8.55,-0.9839789622719725,-0.6689469070600685
8.56,-0.969374554137964,-0.6825992170626181
8.57,-0.9544104520105545,-0.699014828090299
8.58,-0.9395177697572137,-0.7177226484483347
8.59,-0.925354751602404,-0.7372945977404086
8.6,-0.9125340626031228,-0.7559069343541072
8.61,-0.9017139534615033,-0.7725734281650074
8.620000000000001,-0.8934278698871919,-0.787468107237668
8.63,-0.887726816387653,-0.8013682216897262
8.64,-0.8842475221050139,-0.8152155049235718
8.65,-0.8825437370508242,-0.8299006704279522
8.66,-0.8821193630354857,-0.8459441232547735
8.67,-0.8824565546071566,-0.8631869636075953
8.68,-0.8833208328226749,-0.880802832946916
8.69,-0.8847593943442331,-0.897609857838885
8.700000000000001,-0.8867344571681428,-0.912476505566225
8.71,-0.8891514214825563,-0.9247387271637945
8.72,-0.8922734517766202,-0.9344252247638947
8.73,-0.8966570948177677,-0.9418942000148545
8.74,-0.9027737003017152,-0.947401278871031
8.75,-0.910960879285977,-0.9514509530577444
8.76,-0.9215413035041986,-0.9552699980752323
8.77,-0.9347302381770167,-0.9602713158473288
8.78,-0.9504876499456618,-0.9669499717017241
8.790000000000001,-0.9685871907535057,-0.9744905163171346
8.8,-0.9888069951803681,-0.9816314836772139
8.81,-1.0109894365964656,-0.9879714722241693
8.82,-1.0348982508391569,-0.9943535500047843
8.83,-1.0600356120356524,-1.002196338512401
8.84,-1.0856880447018442,-1.0127941899455968
8.85,-1.1112762687814879,-1.0270799316810768
8.86,-1.1366816322995326,-1.0455871385315572
8.870000000000001,-1.1622877465545831,-1.0687606923693789
8.88,-1.1888058424966337,-1.0973682533704134
8.89,-1.2169413847661834,-1.131746533638728
8.9,-1.2470407132498702,-1.1705454617575906
8.91,-1.27904970208991,-1.211281129637843
8.92,-1.3128253208174354,-1.2522072655011112
8.93,-1.3484391331432346,-1.2930471130960781
8.94,-1.3862032111298332,-1.334112868389484
8.950000000000001,-1.4263738276561144,-1.3751714279466711
8.96,-1.4687248642958413,-1.4152698346750177
8.97,-1.512363269325076,-1.453398796404498
8.98,-1.5559692223657746,-1.488935664127671
8.99,-1.5982746249387383,-1.5216236924401576
9.0,-1.6384363288490935,-1.5514001288946433
9.01,-1.6762535346302898,-1.5780001207302568
9.02,-1.7121788106676112,-1.6008856604090456
9.03,-1.7469294351223217,-1.6198990955159835
9.040000000000001,-1.780995534752703,-1.6353715409869183
9.05,-1.8144948273050574,-1.6474169117643815
9.06,-1.8474494643079196,-1.6562036107689684
9.07,-1.8800959972345237,-1.6630123474234642
9.08,-1.9127391080819534,-1.6700257654514599
9.09,-1.945472882111963,-1.6791738250669828
9.1,-1.9781960105554866,-1.6917318761258329
9.11,-2.0106607177546247,-1.708517023390353
9.120000000000001,-2.0425991358379245,-1.72964855236831
9.13,-2.074107040569656,-1.7540464458804392
9.14,-2.1058609145153153,-1.7794982912716482
9.15,-2.1388102150899524,-1.8034051700326024
9.16,-2.173625119411383,-1.8237165915406932
9.17,-2.210428708337511,-1.8395301545246725
9.18,-2.248827138324037,-1.8511965742551693
9.19,-2.2879516578717554,-1.8600598126756775
9.200000000000001,-2.3266422264755935,-1.8678516747769618
9.21,-2.3638216435740627,-1.8761052690003548
9.22,-2.3987337405965827,-1.885916476890415
9.23,-2.43099074380902,-1.8974861108119139
9.24,-2.4606320234055654,-1.9096813566564947
9.25,-2.4881505534423414,-1.9208364056968201
9.26,-2.514397013720946,-1.9300610833215472
9.27,-2.540387238705199,-1.9373798041554477
9.28,-2.5669332266537346,-1.943162838225402
9.290000000000001,-2.5942819377620485,-1.948161194789242
9.3,-2.6220400839207305,-1.9536979153214182
9.31,-2.64934217673805,-1.9610860309998774
9.32,-2.675132691968084,-1.970778542488243
9.33,-2.6985119708402676,-1.982136154552367
9.34,-2.719045564083652,-1.9939811538775518
9.35,-2.736957602578743,-2.0053532757238903
9.36,-2.75312032937182,-2.0155188901373218
9.370000000000001,-2.7687655238649436,-2.023463527982032
9.38,-2.7851220280738356,-2.0280064488114813
9.39,-2.803145242119901,-2.028469702933024
9.4,-2.8232232070007828,-2.0250672087039403
9.41,-2.8449479075105106,-2.0189817025262276
9.42,-2.867173748037937,-2.012189397227852
9.43,-2.8883342524205986,-2.006767432525933
9.44,-2.9069786863119362,-2.0041684777724127
9.450000000000001,-2.9223895043705377,-2.0048782914829832
9.46,-2.9347742842584994,-2.0083043240134137
9.47,-2.9448741976066777,-2.0133562915543717
9.48,-2.953452054293278,-2.0194949062416936
9.49,-2.961044516421329,-2.026937649636376
9.5,-2.967945278063001,-2.03592554039799
9.51,-2.9742330824670695,-2.0460770343518924
9.52,-2.979960150370042,-2.0563165741740104
9.53,-2.985415153865309,-2.0651648409314127
9.540000000000001,-2.9909397969862823,-2.071110377654502
9.55,-2.9965645663270597,-2.0727916577699723
9.56,-3.0020929194203565,-2.0691565893232435
9.57,-3.007272493443593,-2.05990354676544
9.58,-3.0116846450360124,-2.0454052073712017
9.59,-3.014738968479892,-2.026057997437069
9.6,-3.0159446328441213,-2.002466467744947
9.61,-3.0150900548116644,-1.9764470845874162
9.620000000000001,-3.0120597047078266,-1.9513268764372595
9.63,-3.0066170516505273,-1.9306664832527185
9.64,-2.998440265577265,-1.9164643212000312
9.65,-2.9871013351900686,-1.9087007071657234
9.66,-2.972138517612744,-1.9062682195416534
9.67,-2.9536512214939115,-1.9077923668685999
9.68,-2.932780824019835,-1.9114704273664467
9.69,-2.9113689934570957,-1.9150152896471935
9.700000000000001,-2.891115065620343,-1.9167558285463113
9.71,-2.8729223100628993,-1.9163216433678822
9.72,-2.85693611739283,-1.914019914543607
9.73,-2.8430391158571573,-1.9104464747697458
9.74,-2.831088087921658,-1.906645214239577
9.75,-2.8207933081920986,-1.9037851944555044
9.76,-2.8115362331293414,-1.9026562235105084
9.77,-2.802269568574693,-1.903854519015998
9.78,-2.791748064698984,-1.9079360120271125
9.790000000000001,-2.7788997395488617,-1.9147694648802194
9.8,-2.763058636289004,-1.9228957556242132
9.81,-2.744210863146715,-1.9296895521760649
9.82,-2.7230494878863882,-1.9322602669271398
9.83,-2.700565026671015,-1.9288097980826024
9.84,-2.6776843573726774,-1.9195862251863547
9.85,-2.6550539286436456,-1.906681941436217
9.86,-2.6328211216953097,-1.8929995002510107
9.870000000000001,-2.610807259416656,-1.8812746593302538
9.88,-2.5888513964193134,-1.8738903944983896
9.89,-2.5668402884889394,-1.8730507786882515
9.9,-2.5445284947355584,-1.880525803317878
9.91,-2.521359896765966,-1.8971611765210823
9.92,-2.4966526534624873,-1.922438015543867
9.93,-2.4701918772093885,-1.9542631837880509
9.94,-2.442360240222929,-1.9891040913615874
9.950000000000001,-2.4135293039614356,-2.0223394240533814
9.96,-2.383665528855574,-2.0490806105154142
9.97,-2.3525195928989118,-2.0655232428020325
9.98,-2.319995855108612,-2.070183367681069
9.99,-2.286479892663197,-2.06419279992644
10.0,-2.2528998444239154,-2.050292861445788
10.01,-2.220528219589326,-2.0314604787434796
10.02,-2.190738333857607,-2.010325450350788
10.03,-2.16474756482742,-1.9891169243292623
10.040000000000001,-2.143428390543862,-1.969530119879988
10.05,-2.127068802761482,-1.9527187717194878
10.06,-2.1149619495896124,-1.93960865624046
10.07,-2.1052512615465946,-1.930901830906522
10.08,-2.09542877240586,-1.9263858081732768
10.09,-2.0834329488785555,-1.9247123046586991
10.1,-2.068573912535398,-1.9243221704876174
10.11,-2.0513247477622354,-1.924142611377374
10.120000000000001,-2.032464407089236,-1.9233611126739982
10.13,-2.012605225415782,-1.9211869413615679
10.14,-1.9921284893982019,-1.9171359783958501
10.15,-1.9714488386568831,-1.9114473154907883
10.16,-1.9513542259871908,-1.9049064290108386
10.17,-1.9328288650275907,-1.898233038363291
10.18,-1.916627232913295,-1.891767053014077
10.19,-1.90315430851669,-1.8853937143263202
10.200000000000001,-1.8925649356016592,-1.8786386111199878
10.21,-1.8847876419205196,-1.870872395173572
10.22,-1.8794786292592536,-1.8611484208026876
10.23,-1.8761312979246987,-1.848215454935407
10.24,-1.8742483184847933,-1.8313762808309613
10.25,-1.8733522730172996,-1.811218969299176
10.26,-1.8730028588817684,-1.7892675250036132
10.27,-1.8729729793240526,-1.7669733642265286
10.28,-1.8734231858646189,-1.7449869925178947
10.290000000000001,-1.8747565272364997,-1.723354015542354
10.3,-1.8774697894599512,-1.7020590049629758
10.31,-1.8821330487762533,-1.6810382385114297
10.32,-1.889264973128099,-1.6599536673164719
10.33,-1.8991696765153545,-1.6385057436904165
10.34,-1.911918802773032,-1.6169975576512965
10.35,-1.9272914548962223,-1.596051192599922
10.36,-1.9445913242721113,-1.5757103331976432
10.370000000000001,-1.9627024177687784,-1.555318873895676
10.38,-1.9805596636804843,-1.5343341750905302
10.39,-1.9976317189968802,-1.5129836077690997
10.4,-2.013895590099384,-1.4921262528850427
10.41,-2.029480213110296,-1.4728784894090976
10.42,-2.044615141480077,-1.456301542289852
10.43,-2.0598695863849095,-1.4428113793657031
10.44,-2.0760887941035677,-1.4318123930655977
10.450000000000001,-2.0939139882782216,-1.4219369368546233
10.46,-2.1134450449690587,-1.4115733484145117
10.47,-2.134428206512444,-1.3994993339516653
10.48,-2.1566339217470776,-1.385321602347137
10.49,-2.179888638144448,-1.3692894390366626
10.5,-2.203778624426089,-1.351604722154063
10.51,-2.2274807129499488,-1.3322223702947238
10.52,-2.249961973441128,-1.3112558194496196
10.53,-2.2703709543265664,-1.2891528343312546
10.540000000000001,-2.288281533977002,-1.2666459733975486
10.55,-2.303713854371689,-1.2444485576786934
10.56,-2.317157472065939,-1.2228380169038466
10.57,-2.3295106265478553,-1.2018230468698243
10.58,-2.341682829422853,-1.1817233932150524
10.59,-2.354366396100733,-1.1633478809340285
10.6,-2.3684632729252155,-1.1473437086976772
10.61,-2.385356865009442,-1.1333051705847512
10.620000000000001,-2.4063998441224523,-1.1194684294334736
10.63,-2.4322740074901716,-1.1031262580558434
10.64,-2.4626318554201343,-1.081694608951647
10.65,-2.4959561990809873,-1.0540009256065723
10.66,-2.5298263193204535,-1.0210398121045838
10.67,-2.5615466400935696,-0.9856484637055516
10.68,-2.588889569038096,-0.9511275299492811
10.69,-2.6107245220019384,-0.9198438405365277
10.700000000000001,-2.6271767030547415,-0.892754218680782
10.71,-2.6393555476412343,-0.8697317068531784
10.72,-2.6489665136464473,-0.8501137598626057
10.73,-2.6577103318094926,-0.8331436515580093
10.74,-2.666620916330602,-0.8184857658377814
10.75,-2.6758967369558584,-0.806477842621834
10.76,-2.685157294976926,-0.7974470245202572
10.77,-2.6937412211664715,-0.7909026587088209
10.78,-2.7010674635309178,-0.7858336880700456
10.790000000000001,-2.706881156315174,-0.7817376545298779
10.8,-2.7111364382657617,-0.7789796763718722
10.81,-2.7136996290875226,-0.7779236114067117
10.82,-2.7143155076403476,-0.7778967778463413
10.83,-2.71281099641258,-0.7772548989999516
10.84,-2.7091742490295494,-0.7742989700815732
10.85,-2.7034662619161582,-0.7678290540382832
10.86,-2.695669749049721,-0.7572470030060576
10.870000000000001,-2.685656060604926,-0.7428160494989189
10.88,-2.673308171621312,-0.7255358371196776
10.89,-2.6585797802449407,-0.7065084907284473
10.9,-2.6415881017150666,-0.6866777493117797
10.91,-2.6227817135095557,-0.6669018352894939
10.92,-2.602812581811275,-0.6479783279081593
10.93,-2.5822083710271215,-0.6307255007734441
10.94,-2.561318026044316,-0.616146412962129
10.950000000000001,-2.5405499929498987,-0.6054844086152733
10.96,-2.520546149702432,-0.599990352347438
10.97,-2.501977648965574,-0.6003370377088472
10.98,-2.485213436753964,-0.6058831672834076
10.99,-2.470438115705391,-0.6146200699761215
11.0,-2.457938285571067,-0.6242767136316858
11.01,-2.447923520329338,-0.63344794463339
11.02,-2.440145121116955,-0.6415681797850357
11.03,-2.4338419290380657,-0.6483732941202406
11.040000000000001,-2.4279990630361232,-0.6536873803395079
11.05,-2.421597013153799,-0.657380696028506
11.06,-2.4138016093278756,-0.6594396296308429
11.07,-2.4042176438778884,-0.6599521339510603
11.08,-2.3929372739602126,-0.6589674384018134
11.09,-2.3803690131626936,-0.6566192702962216
11.1,-2.367198351947108,-0.6533605068474487
11.11,-2.354237349997807,-0.6500089962343792
11.120000000000001,-2.3419136724739937,-0.6476352323132231
11.13,-2.329882282981391,-0.6475609562548394
11.14,-2.317223403254032,-0.6510922985814193
11.15,-2.302929662455963,-0.6582896633133979
11.16,-2.2861990287474003,-0.667140232948935
11.17,-2.2667255767051366,-0.6747165573381336
11.18,-2.245012423228147,-0.6789975724736809
11.19,-2.2221649742080176,-0.6795379822383141
11.200000000000001,-2.199413660110714,-0.6772587772714777
11.21,-2.1779285859387074,-0.6740398108532817
11.22,-2.1586618406467375,-0.6718560769842767
11.23,-2.1421458171352636,-0.6718728495790345
11.24,-2.128508382029537,-0.6743263428705416
11.25,-2.1174312364136787,-0.6787156240117243
11.26,-2.107948273254002,-0.6839972926627325
11.27,-2.098657777530602,-0.6891131240940558
11.28,-2.088436761760373,-0.6932422510397916
11.290000000000001,-2.07678612155773,-0.6955464640519776
11.3,-2.0635192226547145,-0.6955213155195482
11.31,-2.048457659313046,-0.6938161912833759
11.32,-2.0315018976510184,-0.6921387984663856
11.33,-2.0129686941917124,-0.6923684802856465
11.34,-1.9936522500818041,-0.6959181688077922
11.35,-1.9743730664072698,-0.7035355019806653
11.36,-1.9557052113926088,-0.7154238350642725
11.370000000000001,-1.938127081232582,-0.7313964655081606
11.38,-1.9220559370890733,-0.7503769767070856
11.39,-1.9075630077521117,-0.7699788185669952
11.4,-1.8941869104165376,-0.7873329721291937
11.41,-1.8812870382785059,-0.7999775634430422
11.42,-1.8685939770185365,-0.8060149310421446
11.43,-1.856321256189413,-0.8044884012575717
11.44,-1.8448018708330292,-0.7958157625898492
11.450000000000001,-1.8340311486753,-0.7818555000258612
11.46,-1.823567680762444,-0.7658080582234216
11.47,-1.8128623274015823,-0.7513907724750729
11.48,-1.8016023253407747,-0.7414546963149967
11.49,-1.789780571244754,-0.7374606644943767
11.5,-1.7776417773976905,-0.7398468570495195
11.51,-1.7656887381069806,-0.7482169166674647
11.52,-1.7546157841612144,-0.7613578845965511
11.53,-1.7451310410018237,-0.7776182878579294
11.540000000000001,-1.7377452465667784,-0.7953753542002787
11.55,-1.732484029572207,-0.8130088827506712
11.56,-1.72867372303041,-0.8287466821748691
11.57,-1.7251317739946195,-0.8410550674714913
11.58,-1.7207598678748715,-0.8492084488351188
11.59,-1.7150236261526899,-0.8535749145812229
11.6,-1.7079986684199395,-0.8555708596503931
11.61,-1.7001368610639431,-0.8571654508623107
11.620000000000001,-1.6919130011329726,-0.8601744730488385
11.63,-1.6836760196817764,-0.8656085058164272
11.64,-1.6759749948703775,-0.8732943544869998
11.65,-1.6699471708292066,-0.8824293257458315
11.66,-1.6671939023247557,-0.8926815307856891
11.67,-1.6690253163355415,-0.9042682966719506
11.68,-1.6755090995408919,-0.9172152190963064
11.69,-1.685190219117743,-0.9312652888326278
11.700000000000001,-1.6958088213973692,-0.9462404543565011
11.71,-1.7054042806629448,-0.9622676015792682
11.72,-1.7130527523056438,-0.9798263142734276
11.73,-1.718870696190587,-0.9992232742637539
11.74,-1.7235420838110498,-1.0201245588213876
11.75,-1.7279903219205845,-1.0418118338948166
11.76,-1.7333075273725977,-1.0633649547151285
11.77,-1.7406065483235431,-1.0838561316858508
11.78,-1.750686615018536,-1.103109199975939
11.790000000000001,-1.763681997084713,-1.1218382260855464
11.8,-1.7790043117835126,-1.1406131573048839
11.81,-1.7956121657546635,-1.1593468580948796
11.82,-1.81243251769334,-1.1778697753652747
11.83,-1.8286933082959658,-1.1962469266668874
11.84,-1.8438967973754832,-1.2146066563037854
11.85,-1.8575963930663686,-1.232957773114723
11.86,-1.8696315935597378,-1.2511170201823352
11.870000000000001,-1.8805041949802845,-1.2688972074848417
11.88,-1.8911149911557927,-1.2864072173071845
11.89,-1.902232371425991,-1.3040547154952657
11.9,-1.9143492021508033,-1.3220449216823813
11.91,-1.9277214753036216,-1.3398820719226379
11.92,-1.9424046168684144,-1.3568649959136316
11.93,-1.9583616103514296,-1.3730072368876038
11.94,-1.9754913875353082,-1.3888608179812858
11.950000000000001,-1.9935438191137462,-1.4046868946320938
11.96,-2.0121185900996457,-1.4203404627130152
11.97,-2.030842745542381,-1.435785803991031
11.98,-2.0496291319548785,-1.4512779714314221
11.99,-2.068738812815681,-1.4669421710055972
12.0,-2.088467751329529,-1.4824835400570313
12.01,-2.1088298032623785,-1.4974792668548527
12.02,-2.1294544163485742,-1.5116083267991092
12.030000000000001,-2.149488640575611,-1.5243756604804832
12.040000000000001,-2.1678506129036212,-1.5350621067395507
12.05,-2.1839262354552997,-1.5431187913553797
12.06,-2.1978086350677364,-1.5481933115151438
12.07,-2.2099096872029578,-1.5498327617455003
12.08,-2.2207339776997204,-1.5474669258915927
12.09,-2.2308482101777463,-1.5407830376349538
12.1,-2.2407713589727623,-1.5303452027648452
12.11,-2.2511166777173717,-1.5177764656375519
12.120000000000001,-2.262708549829981,-1.5049056636903952
12.13,-2.276048481726998,-1.4930305764499898
12.14,-2.290664833365946,-1.4834603700229336
12.15,-2.3051686895777563,-1.4776983730144821
12.16,-2.3179274016903895,-1.4762650683478344
12.17,-2.327681004812842,-1.4781999961202694
12.18,-2.333663390484523,-1.4818055923207676
12.19,-2.3355830410868967,-1.4851069730715991
12.200000000000001,-2.3337587183300927,-1.4859410837988978
12.21,-2.328997534765986,-1.4824585093644682
12.22,-2.3222334310125183,-1.4738735233558014
12.23,-2.3144157820823517,-1.460810547906435
12.24,-2.3063774175786285,-1.4449050000779602
12.25,-2.2983392692571285,-1.4277369217146663
12.26,-2.289723304195533,-1.4099700652691627
12.27,-2.2797104766682224,-1.391459143725346
12.280000000000001,-2.26780779773938,-1.371608398523627
12.290000000000001,-2.2538885255870094,-1.3494773804699747
12.3,-2.2380416235013194,-1.3239582518614321
12.31,-2.2204067458434116,-1.2941245054457577
12.32,-2.200941596444228,-1.2600137542170446
12.33,-2.1792112508753583,-1.2231030048783154
12.34,-2.1546876604410237,-1.1857275860036836
12.35,-2.12717077528622,-1.1501354057429698
12.36,-2.0967476723786125,-1.1180802504247398
12.370000000000001,-2.0635652011292622,-1.0909900435978337
12.38,-2.027812721055219,-1.0700838418329086
12.39,-1.9897805571766143,-1.0558406416681032
12.4,-1.9499537206137079,-1.0472793458779455
12.41,-1.9090125260071473,-1.0422081708859836
12.42,-1.867485359698964,-1.0382530302660327
12.43,-1.8255146649161171,-1.0331227096048063
12.44,-1.7832612188883374,-1.024372871434937
12.450000000000001,-1.7413464781544936,-1.009966379822846
12.46,-1.7005404075509123,-0.989081878787468
12.47,-1.6611692550286998,-0.962116425817624
12.48,-1.6230237031846007,-0.9300653560349239
12.49,-1.585614917234488,-0.8942384475927865
12.5,-1.5484655609477251,-0.8564660761843947
12.51,-1.5113448761316364,-0.8188982318985716
12.52,-1.474261886196335,-0.7830543821191207
12.530000000000001,-1.437345135721843,-0.7489583893198696
12.540000000000001,-1.4008597599769903,-0.7156129488239651
12.55,-1.3651302670913232,-0.6822180283966686
12.56,-1.330224829278777,-0.6480719483087585
12.57,-1.2956772142611355,-0.6118116011230351
12.58,-1.260629481232502,-0.5719976076352609
12.59,-1.2243508201849078,-0.5282023575789848
12.6,-1.1864008356386813,-0.48099858548327534
12.61,-1.1464275198775673,-0.4313241174140772
12.620000000000001,-1.1043719477712723,-0.3802052167815876
12.63,-1.0609355894937016,-0.32905031047865435
12.64,-1.017582336382449,-0.2800242994155759
12.65,-0.9758705600838296,-0.23547866045569604
12.66,-0.9367347258867065,-0.19686699665647112
12.67,-0.9005847959750775,-0.16450299528169604
12.68,-0.8678125973114696,-0.13801402902324122
12.69,-0.83871682755269,-0.1168796094784954
12.700000000000001,-0.8133038184552082,-0.10063652807870654
12.71,-0.7916023806298008,-0.08865920462205153
12.72,-0.7739211986318075,-0.08015654801003498
12.73,-0.7606275834964088,-0.07441082261882984
12.74,-0.7518142757348624,-0.07088066776572935
12.75,-0.7472014678089858,-0.06936720047452427
12.76,-0.7462415411086653,-0.07003984271865453
12.77,-0.7483262234347914,-0.07305908051755164
12.780000000000001,-0.7529201910874782,-0.07852808662299965
12.790000000000001,-0.759493649481722,-0.08686658712760359
12.8,-0.7675157938313296,-0.09868530231979172
12.81,-0.7765535435630555,-0.11424388810070854
12.82,-0.7862674669543545,-0.1333193749522306
12.83,-0.796443798977831,-0.15524659301813404
12.84,-0.807375438407899,-0.17868316763345152
12.85,-0.82005694463375,-0.20164549029519838
12.86,-0.8357909647812516,-0.22248012629769146
12.870000000000001,-0.8554993923395361,-0.24094695633704247
12.88,-0.8792645966728343,-0.2583025779344003
12.89,-0.9065042771732936,-0.27656483751542205
12.9,-0.9364155131778908,-0.2975619645500268
12.91,-0.9682313503783355,-0.3223263644768611
12.92,-1.0013487697531203,-0.3509405053529723
12.93,-1.0354499965050357,-0.38265453240672337
12.94,-1.0706631399689235,-0.4163585197208138
12.950000000000001,-1.1075620808510662,-0.4509051291120073
12.96,-1.1467364122092791,-0.4852952260673538
12.97,-1.1883002739366664,-0.519306634053203
12.98,-1.2320039366381814,-0.5537108261825797
12.99,-1.2776846951879923,-0.5895594527311705
13.0,-1.3252194199388898,-0.6276104923829636
13.01,-1.3742113629618387,-0.6685160183831126
13.02,-1.4240449963283668,-0.7131216338243429
13.030000000000001,-1.4741472543300245,-0.7621488818937019
13.040000000000001,-1.5242095161027045,-0.8153832553839802
13.05,-1.5742404277521527,-0.871185869499947
13.06,-1.6244582470261273,-0.9269137319706822
13.07,-1.6752438010538568,-0.9796853111538402
13.08,-1.7269947085796116,-1.027194927550881
13.09,-1.7797609500375753,-1.06875079039618
13.1,-1.833092756418359,-1.105288476827183
13.11,-1.8862793345443913,-1.138038167010566
13.120000000000001,-1.9386562464608492,-1.1676697059851504
13.13,-1.9897492860470531,-1.194510989279594
13.14,-2.039310474892787,-1.2189571161934567
13.15,-2.087351342526696,-1.241734611119616
13.16,-2.134041715072365,-1.264163234927835
13.17,-2.1795194904226682,-1.2882108018384675
13.18,-2.223940599835047,-1.3159071393069508
13.19,-2.2676238372553748,-1.348327081910449
13.200000000000001,-2.310965026261941,-1.3849830964133367
13.21,-2.354168561466901,-1.4240371704684491
13.22,-2.396915035112416,-1.463159296429566
13.23,-2.4382612509705024,-1.5005676996493416
13.24,-2.477051386355591,-1.5355693563474042
13.25,-2.512519530848282,-1.5683990380421235
13.26,-2.54459709661124,-1.5996764737730778
13.27,-2.573786314113302,-1.6298539302948594
13.280000000000001,-2.600717601415562,-1.6590985395253128
13.290000000000001,-2.625740380876502,-1.6876132859415434
13.3,-2.6489675883375265,-1.7158930487951976
13.31,-2.6706336203677807,-1.7445385670840008
13.32,-2.6911341257457493,-1.7737841863155779
13.33,-2.71068962460972,-1.8033944761555527
13.34,-2.7291632317577883,-1.8328180596989
13.35,-2.746051534200164,-1.861119477970801
13.36,-2.760525142138341,-1.8873668065272722
13.370000000000001,-2.7718284503688104,-1.9113896214693133
13.38,-2.7796608696854372,-1.9335108805991224
13.39,-2.7841075338492636,-1.9535868957584144
13.4,-2.785336095254923,-1.9704299223949955
13.41,-2.783466272583591,-1.9817317967343455
13.42,-2.7785388809995815,-1.984604462401008
13.43,-2.7705571144356758,-1.9770263902272216
13.44,-2.7596358230434967,-1.9591852878344909
13.450000000000001,-2.7461448492270124,-1.933450242599165
13.46,-2.7308360268211898,-1.9033554475622538
13.47,-2.714736461947315,-1.872702113974565
13.48,-2.6986692573824853,-1.8452256068416824
13.49,-2.6828854839656495,-1.8242107252569635
13.5,-2.6672342286926756,-1.8115700594395707
13.51,-2.651654350449198,-1.8072695899073645
13.52,-2.6364786973867864,-1.8096526467304583
13.530000000000001,-2.622353377055159,-1.8159499594657535
13.540000000000001,-2.609826231308986,-1.8226648913148749
13.55,-2.5988576850071365,-1.8262014611729709
13.56,-2.5887833618291336,-1.8236122651320597
13.57,-2.578663079355769,-1.8132522981892785
13.58,-2.5675148325364456,-1.7953989877976055
13.59,-2.554354647166341,-1.772228396047137
13.6,-2.5382285356322583,-1.7466867398551966
13.61,-2.518406731613473,-1.721073889657942
13.620000000000001,-2.4945188022528897,-1.6964992970643968
13.63,-2.4664921416871155,-1.6733712558699478
13.64,-2.4346674306076648,-1.652058777982704
13.65,-2.3999916199985596,-1.6329760809863083
13.66,-2.3638932360208296,-1.6162247312123883
13.67,-2.328042723328667,-1.6015709370037412
13.68,-2.2942154349399035,-1.5888080337428836
13.69,-2.264040755249785,-1.5777487894227362
13.700000000000001,-2.238522685998955,-1.5677606392546164
13.71,-2.2176662246183128,-1.5574362870746339
13.72,-2.20054701294352,-1.5450601715740626
13.73,-2.1856882023813515,-1.529807705188523
13.74,-2.171503921498204,-1.5121574791959316
13.75,-2.15674347029593,-1.4926801740897275
13.76,-2.1407720183390757,-1.4710435595273397
13.77,-2.123455118081028,-1.44683574406845
13.780000000000001,-2.10481946535239,-1.4208546483130629
13.790000000000001,-2.0848945818969886,-1.3952788351992567
13.8,-2.063752442784664,-1.3731271177993811
13.81,-2.041657932253091,-1.357303746168732
13.82,-2.0193593072221963,-1.3492529973054272
13.83,-1.998203950475639,-1.3485277062885326
13.84,-1.9797222088172244,-1.3537468494291394
13.85,-1.9649637183360187,-1.3632544970412421
13.86,-1.9541237685116584,-1.3746326050974
13.870000000000001,-1.9467583714206351,-1.384481261319691
13.88,-1.9423340447512647,-1.389553759227863
13.89,-1.9407241511653084,-1.3887661713542951
13.9,-1.9421574713617857,-1.3838543270126693
13.91,-1.9467522988092854,-1.3775773102240445
13.92,-1.9541102853170331,-1.3716526810119745
13.93,-1.9632940655092783,-1.3662985259383469
13.94,-1.9732543096807955,-1.360702478809506
13.950000000000001,-1.98326341964872,-1.3535129618180584
13.96,-1.9929706565916097,-1.3433043117738572
13.97,-2.002268209561546,-1.3292449064446028
13.98,-2.011090993013439,-1.3118403867358275
13.99,-2.019231238328092,-1.2930448424488699
14.0,-2.026506282731592,-1.2754529918390547
14.01,-2.033172806958816,-1.2614935941318923
14.02,-2.0400422932853175,-1.2533662955576959
14.030000000000001,-2.0481040031526963,-1.2530287404943874
14.040000000000001,-2.058012897326617,-1.261610989895556
14.05,-2.0698005951456495,-1.278942678243076
14.06,-2.0827134157088247,-1.303806626228314
14.07,-2.0952686562389182,-1.334467226734892
14.08,-2.1059144840172137,-1.3689818099391475
14.09,-2.113937902197026,-1.4053826336322117
14.1,-2.1198977178610465,-1.441888870675725
14.11,-2.125522721333465,-1.4771093268576383
14.120000000000001,-2.133140732897044,-1.5100616519816752
14.13,-2.14459421199764,-1.5398049219242995
14.14,-2.1603652576388104,-1.5649286356842915
14.15,-2.179713442191734,-1.5835748134012517
14.16,-2.201320465739805,-1.594177784725241
14.17,-2.223599193829997,-1.5965316070960258
14.18,-2.2450322251402675,-1.5923646270287002
14.19,-2.2649489377471466,-1.5845594130400362
14.200000000000001,-2.2838238637625192,-1.575624919536554
14.21,-2.3026441266524373,-1.5670116541525179
14.22,-2.322195705502927,-1.559571140048988
14.23,-2.342640909786949,-1.554412811518105
14.24,-2.363399066971734,-1.5535331267900117
14.25,-2.383539520476253,-1.5592002297758474
14.26,-2.4022649253859094,-1.5723374680552307
14.27,-2.4190924785555574,-1.5920378566191784
14.280000000000001,-2.433977796536875,-1.6163678831841164
14.290000000000001,-2.4472670216496963,-1.642891704524499
14.3,-2.459415851299492,-1.668965625894438
14.31,-2.470998312461518,-1.6925800188193743
14.32,-2.4828517277844515,-1.713078055483943
14.33,-2.4959441034247676,-1.7307730945872097
14.34,-2.5112105824009308,-1.7462695742581176
14.35,-2.5292472988257537,-1.7600883437371
14.36,-2.549758941421691,-1.771952344678088
14.370000000000001,-2.5714404366558394,-1.780572404174493
14.38,-2.5924731600330677,-1.7848300650771602
14.39,-2.611146772601217,-1.7848121000588326
14.4,-2.6263372160306173,-1.7812990388087406
14.41,-2.637874671847018,-1.7749410845187463
14.42,-2.6465826736581204,-1.7664775916776745
14.43,-2.653959530695116,-1.7570698570574772
14.44,-2.661808920162244,-1.7477482143582632
14.450000000000001,-2.6718261359022937,-1.738858281638642
14.46,-2.685200147561521,-1.7302949002507872
14.47,-2.702297287447417,-1.722073897419336
14.48,-2.7224207845843207,-1.7147811966861086
14.49,-2.744022659161936,-1.7095599228461509
14.5,-2.7652670039882983,-1.70755657379812
14.51,-2.7843963802312803,-1.709457134467225
14.52,-2.8000253783734785,-1.7152408336958365
14.530000000000001,-2.8115901839441273,-1.7241262396488761
14.540000000000001,-2.819486718959664,-1.7350787895411666
14.55,-2.824585005067506,-1.7472874123536617
14.56,-2.8276656018496666,-1.7599637864333555
14.57,-2.8292876671538547,-1.7719294674949704
14.58,-2.8298962353529937,-1.781787057461054
14.59,-2.829866607868764,-1.7887170109155803
14.6,-2.8295693691285972,-1.7928088748757487
14.61,-2.8295727559104913,-1.7944937032620198
14.620000000000001,-2.8306604978494003,-1.7939021530807806
14.63,-2.8333181394466327,-1.7907178492995697
14.64,-2.837287972762251,-1.784531960266493
14.65,-2.8420107328860595,-1.7752961485575964
14.66,-2.8473401516847683,-1.7635701513062376
14.67,-2.8535739662830393,-1.7503612196012577
14.68,-2.861031850328189,-1.7365057775873152
14.69,-2.8696742663752284,-1.7225035469319152
14.700000000000001,-2.878993065484672,-1.7088565038266705
14.71,-2.8882958195005157,-1.695817369632319
14.72,-2.897002925139844,-1.6830695956215052
14.73,-2.9046119616746497,-1.670051032592743
14.74,-2.9106556986092063,-1.6560989296818314
14.75,-2.9149945228715723,-1.6404394133432096
14.76,-2.9180588372277216,-1.6225566947409733
14.77,-2.920571713399842,-1.6026470515970221
14.780000000000001,-2.9230973580595214,-1.582033027797929
14.790000000000001,-2.925784989250935,-1.5628628682139392
14.8,-2.928289488056757,-1.5467294830258176
14.81,-2.9299732070712983,-1.5338574895879769
14.82,-2.930249398617257,-1.5236568237764982
14.83,-2.9288042356888973,-1.5153728476107189
14.84,-2.9256885317571384,-1.5083805274159239
14.85,-2.9212637301165194,-1.502462868164694
14.86,-2.9161507318180098,-1.4976346703993213
14.870000000000001,-2.911209683841343,-1.4935843610839505
14.88,-2.907223662813069,-1.489409576194108
14.89,-2.9044714819173563,-1.483502628291264
14.9,-2.90261712006563,-1.4736024504856071
14.91,-2.9008647775859533,-1.4577471716943748
14.92,-2.8983395339752187,-1.4357446433199914
14.93,-2.8945052165464253,-1.4094026564606528
14.94,-2.8890925450324936,-1.3814238065919329
14.950000000000001,-2.881694983617183,-1.3546763520122864
14.96,-2.8718613744607446,-1.3317758459990907
14.97,-2.859657596705865,-1.3140846092749423
14.98,-2.8457822471008103,-1.3010586983396621
14.99,-2.8310892357757584,-1.2907045249287676
15.0,-2.816188492603359,-1.2807412209895523
15.01,-2.801463339075801,-1.269984892250831
15.02,-2.787304439643739,-1.2587540829591353
15.030000000000001,-2.774246466597641,-1.2476488096671878
15.040000000000001,-2.76288771574401,-1.2362926172963342
15.05,-2.753521786341299,-1.2234284564574605
15.06,-2.745827444167574,-1.2077194141321888
15.07,-2.739146403663061,-1.1881705994130418
15.08,-2.7328420165181275,-1.1642782294654028
15.09,-2.7264047482546983,-1.1365277435418986
15.1,-2.7197522097662845,-1.1066494069156136
15.11,-2.7133355642515142,-1.0767768206881925
15.120000000000001,-2.7077434005009335,-1.048249733490248
15.13,-2.7032938563289655,-1.0211300458801473
15.14,-2.6998702009147015,-0.9945264274770226
15.15,-2.696988797491517,-0.9673247203660086
15.16,-2.6940115504856257,-0.9387680291561984
15.17,-2.6905573122734623,-0.9085244937054118
15.18,-2.6868156239197813,-0.8764953570791337
15.19,-2.683209265524894,-0.8431626202299543
15.200000000000001,-2.679859681463998,-0.810431832060689
15.21,-2.676560101912767,-0.7812632762565748
15.22,-2.673082315732079,-0.7578280211624239
15.23,-2.6693717505215533,-0.7405487537006157
15.24,-2.665487696890163,-0.72884740395887
15.25,-2.6613274792103065,-0.7220593197917156
15.26,-2.6564418792255835,-0.7194687569515116
15.27,-2.6503147552897732,-0.719775403884904
15.280000000000001,-2.6427078343678376,-0.720957921984429
15.290000000000001,-2.63355603856723,-0.7208970687163001
15.3,-2.622811778694514,-0.7180587567078548
15.31,-2.610592808810279,-0.7115759171390369
15.32,-2.597334371034509,-0.7010392716075733
15.33,-2.583731931927311,-0.686375611176018
15.34,-2.5706824260617096,-0.6677077901402569
15.35,-2.559312183650573,-0.645369643601844
15.36,-2.5506867053524327,-0.620215109700537
15.370000000000001,-2.5451841501121724,-0.5939489447943704
15.38,-2.54227457803361,-0.568929826776267
15.39,-2.5409515751543084,-0.5473373438067827
15.4,-2.540276097715842,-0.5307297803801527
15.41,-2.539677682051154,-0.5203329337413581
15.42,-2.538983027332214,-0.5170546097285169
15.43,-2.5381616087064973,-0.5210610610736454
15.44,-2.5369233679714545,-0.5314361544577515
15.450000000000001,-2.534714113174178,-0.5461602916211548
15.46,-2.531157679518645,-0.5627329417908339
15.47,-2.5261314370414247,-0.5791112517793336
15.48,-2.5195502092107582,-0.5940178865595713
15.49,-2.5116548861517907,-0.6066019846409488
15.5,-2.503293045414517,-0.6161844422882362
15.51,-2.495476665399869,-0.6221573637131995
15.52,-2.48880713283249,-0.6240084293276112
15.530000000000001,-2.4833170185624365,-0.6216609651590297
15.540000000000001,-2.478610161822579,-0.6156738323036605
15.55,-2.47419163685387,-0.6071803864803225
15.56,-2.4696664422888484,-0.5978686066193992
15.57,-2.4646697133585898,-0.5898329781310085
15.58,-2.4589855842900263,-0.5853732365329335
15.59,-2.4527962736096818,-0.5868013126121907
15.6,-2.4466211222049448,-0.5956330320085874
15.610000000000001,-2.4409696692876532,-0.6114991492579979
15.620000000000001,-2.436013332320467,-0.6326824094696418
15.63,-2.4316161199165798,-0.6581638232860695
15.64,-2.4274914762092963,-0.6880803394408882
15.65,-2.4230775583138295,-0.7219158165123621
15.66,-2.417523166708636,-0.7576291621713653
15.67,-2.410045560479154,-0.7930423634070524
15.68,-2.4001989027339654,-0.8271011346491742
15.69,-2.387859424538616,-0.8596231699927633
15.700000000000001,-2.3732571176560304,-0.8907110763913592
15.71,-2.3570978175568533,-0.9204662690988189
15.72,-2.340491193612911,-0.9487087752421646
15.73,-2.3246947266832527,-0.9751018474040274
15.74,-2.310751455962891,-0.9998067835375012
15.75,-2.298966102907035,-1.0236410224477597
15.76,-2.288623868322647,-1.0471093066271158
15.77,-2.278324807347156,-1.0696140296073062
15.780000000000001,-2.2665750611218276,-1.0904611007269636
15.790000000000001,-2.2523916208519785,-1.1106736274555518
15.8,-2.235660444597586,-1.1332298148974962
15.81,-2.216792072233999,-1.1613490692569233
15.82,-2.196057291827703,-1.1967580137380909
15.83,-2.1733158482488886,-1.239365351463488
15.84,-2.148268393500464,-1.2878159330622208
15.85,-2.12087775155233,-1.3402029908380229
15.860000000000001,-2.091553038382064,-1.3947881322777498
15.870000000000001,-2.0610801403488312,-1.4503086343912184
15.88,-2.0305046878954407,-1.5058249148350988
15.89,-2.000934994970463,-1.560663750541644
15.9,-1.9731244397574812,-1.6143355779375703
15.91,-1.9472394988118924,-1.6662274174115883
15.92,-1.9231109393644006,-1.715637246466583
15.93,-1.9004173372688513,-1.7619306064066795
15.94,-1.8784045193548484,-1.8049106293927097
15.950000000000001,-1.8559614904113093,-1.8455024138409324
15.96,-1.8321725551866537,-1.8857631588995307
15.97,-1.8063975622585473,-1.927765329635505
15.98,-1.7779430718817364,-1.9724908130835073
15.99,-1.7462289562842297,-2.019546962646461
16.0,-1.7114101571763949,-2.0676902100413472
16.01,-1.674829569296279,-2.1161331367183216
16.02,-1.6388034523744939,-2.1653483656315418
16.03,-1.6055766106615834,-2.216321282328065
16.04,-1.5762577004260985,-2.269930454493025
16.05,-1.5506627145519287,-2.327268027914568
16.06,-1.5278857699469106,-2.3896227157845424
16.07,-1.5068229548584195,-2.457783202107654
16.080000000000002,-1.486418569294669,-2.531196566490546
16.09,-1.4658373433896958,-2.607815345614468
16.1,-1.4445196579067032,-2.6851275856635595
16.11,-1.4221568277079344,-2.7614076834827173
16.12,-1.398633451775388,-2.835997108305674
16.13,-1.3739353207220892,-2.9086758734707545
16.14,-1.348196980790932,-2.9789351414348246
16.15,-1.321693271921903,-3.0457813317945712
16.16,-1.2946243066515781,-3.108181673186534
16.17,-1.2670859827975491,-3.1655805490717928
16.18,-1.2393076402923033,-3.2177667800835086
16.19,-1.2117088560664278,-3.2643625431852934
16.2,-1.184727952659827,-3.304747463427438
16.21,-1.1587544235499443,-3.3384072894600365
16.22,-1.1340618777936298,-3.3652843973808113
16.23,-1.1106693650372188,-3.385969367388093
16.240000000000002,-1.0884699268004359,-3.4015457550803307
16.25,-1.067524099150465,-3.4132709054205055
16.26,-1.0480363155314034,-3.4224471782977393
16.27,-1.0301316121765176,-3.4301571043098056
16.28,-1.0138427425728718,-3.4369424234639316
16.29,-0.9992500144535809,-3.443074608394479
16.3,-0.9866644940293217,-3.4490069543977553
16.31,-0.976759014534831,-3.455237612231809
16.32,-0.970263865830209,-3.4618139726471657
16.330000000000002,-0.9674019580390322,-3.468258198039943
16.34,-0.9678534021735691,-3.474110077800631
16.35,-0.9711945299008751,-3.4791491178609184
16.36,-0.977000092359416,-3.482886361010557
16.37,-0.9845822713151462,-3.4843817601463107
16.38,-0.9930167757868172,-3.482607269776496
16.39,-1.001547160256439,-3.4765689261556396
16.4,-1.009958836160386,-3.465434490318068
16.41,-1.0186683824641112,-3.448991969881155
16.42,-1.028407293984771,-3.427758743599735
16.43,-1.0398466427049045,-3.4020978630802605
16.44,-1.0533421348781888,-3.3714542325027375
16.45,-1.068923252798625,-3.3345176058717985
16.46,-1.086469816327843,-3.29017493425535
16.47,-1.105813725211344,-3.2381427505187896
16.48,-1.1267211335230782,-3.178737421723385
16.490000000000002,-1.148984649557031,-3.1126498611469073
16.5,-1.1725399727851231,-3.0411000481658337
16.51,-1.1974396030481078,-2.9658345483662334
16.52,-1.2239363958819507,-2.8888678329327213
16.53,-1.2527071675140617,-2.8122636975291813
16.54,-1.2846725921129025,-2.7375607089713987
16.55,-1.320401354648594,-2.6649474512731914
16.56,-1.3598403968266477,-2.5935538897513712
16.57,-1.402499973032955,-2.5225988849668277
16.580000000000002,-1.4475518491087902,-2.451653147872301
16.59,-1.4937160250309542,-2.380319134753564
16.6,-1.539414722077948,-2.308271298766761
16.61,-1.5834486699155466,-2.234996381997347
16.62,-1.6255121368974437,-2.1594924401874884
16.63,-1.665878322498002,-2.0809614910238854
16.64,-1.7048562768962379,-1.9996559133099887
16.65,-1.742851847895816,-1.9167001571945559
16.66,-1.78060448558586,-1.833288538925959
16.67,-1.818954172728081,-1.750227288893876
16.68,-1.8585320305055464,-1.6679568749621787
16.69,-1.8996368594522854,-1.5864444934471755
16.7,-1.9420062841663446,-1.5052622429523006
16.71,-1.9847772769145828,-1.4242071610213685
16.72,-2.0268637246299663,-1.3433225781561906
16.73,-2.067258081373902,-1.2624461596963739
16.740000000000002,-2.1051149147085972,-1.1813325811301496
16.75,-2.139997232587113,-1.0997226297365301
16.76,-2.172236766287385,-1.0171465188860467
16.77,-2.202694337200057,-0.9332658084462391
16.78,-2.2319695304219453,-0.8487494534769624
16.79,-2.2601195697998273,-0.7657836733058454
16.8,-2.2869515903695827,-0.6873775161849296
16.81,-2.312129766453272,-0.615993206204946
16.82,-2.3351062486264116,-0.5528349409851502
16.830000000000002,-2.355383701285809,-0.4979518615809342
16.84,-2.372998875036513,-0.4506284182756286
16.85,-2.388579228041707,-0.41015008822248317
16.86,-2.403021941886167,-0.37648248796574174
16.87,-2.4172652936246934,-0.34989436976755367
16.88,-2.432130638331414,-0.3299674932184552
16.89,-2.448056402546683,-0.315041156311104
16.9,-2.464727458973194,-0.30254963357834636
16.91,-2.4810545139415,-0.29053439660941843
16.92,-2.4958595220372066,-0.27924243179404434
16.93,-2.5086833500268804,-0.27065071456190687
16.94,-2.5197994630920753,-0.2666889741187811
16.95,-2.5296800646884097,-0.268164832859611
16.96,-2.5386902912261147,-0.2745986845149576
16.97,-2.546983903524041,-0.2845880938806586
16.98,-2.554358397263193,-0.29624144276921194
16.990000000000002,-2.560331106426551,-0.3076625914038928
17.0,-2.564463017608826,-0.3181143094476471
17.01,-2.5664179920032657,-0.328942505345844
17.02,-2.5658779093303643,-0.3423727038946654
17.03,-2.5627217295120754,-0.35947280174266727
17.04,-2.5570879440079057,-0.3798225759454974
17.05,-2.549033501843392,-0.4024873279802433
17.06,-2.5382427013506645,-0.4268599892430835
17.07,-2.5241014839126428,-0.4528408966229894
17.080000000000002,-2.5061413965206776,-0.48041643653969934
17.09,-2.4846086329716006,-0.5094886027960724
17.1,-2.460433343463012,-0.5403367983459709
17.11,-2.434520182722349,-0.5739371710611123
17.12,-2.407253364583628,-0.6116133669991792
17.13,-2.3786962391292423,-0.6542944054931188
17.14,-2.349147750968791,-0.702261571493473
17.150000000000002,-2.3194012219900784,-0.7555555848694242
17.16,-2.2904446141789947,-0.8139090504298295
17.17,-2.263017435287538,-0.8763665845122117
17.18,-2.2373629527103636,-0.941695787443621
17.19,-2.213183230205312,-1.0089935948568967
17.2,-2.189943079556318,-1.0775444981475497
17.21,-2.1673839123107834,-1.1463039278529226
17.22,-2.1455478011117792,-1.2137509057921814
17.23,-2.1242486068854842,-1.2780325991378276
17.240000000000002,-2.1028318376461916,-1.3370993540782896
17.25,-2.080396304479935,-1.3890641229561642
17.26,-2.0560116892555667,-1.4329254178393769
17.27,-2.0290640479718207,-1.4691408454486374
17.28,-1.9996262209196467,-1.4993192508380806
17.29,-1.9682692345089694,-1.5255498983157605
17.3,-1.935703399277666,-1.5502994586110117
17.31,-1.9028605369668548,-1.5764276401193038
17.32,-1.8708894738847064,-1.6067840078794973
17.330000000000002,-1.8407848544653616,-1.6433626336940503
17.34,-1.8133138976294259,-1.6863821481220358
17.35,-1.7892861912793794,-1.7343662718870558
17.36,-1.769455277847445,-1.7853386264413715
17.37,-1.7540785797098126,-1.837785101775007
17.38,-1.7428996851087295,-1.8906214342957
17.39,-1.7353919092644636,-1.9426472319148007
17.400000000000002,-1.7306040776915597,-1.9921115979534212
17.41,-1.727097129824902,-2.0368283587813014
17.42,-1.7234461175021947,-2.07478899224766
17.43,-1.7186879206218866,-2.1045676036885497
17.44,-1.7121707880841424,-2.1253935403931306
17.45,-1.703264449379952,-2.137136594089481
17.46,-1.6916054062571642,-2.140060236979747
17.47,-1.6773659388733102,-2.1345645945634626
17.48,-1.6611145827022822,-2.1210629951439914
17.490000000000002,-1.6436597558829835,-2.100134692308531
17.5,-1.6259283082815283,-2.072550665118958
17.51,-1.608783985167651,-2.0393593638558616
17.52,-1.5930451285310174,-2.0023682856990304
17.53,-1.5794549389372468,-1.964054825759071
17.54,-1.5684922218721409,-1.926652250012191
17.55,-1.5603349476471724,-1.8915822925319699
17.56,-1.554969748545421,-1.8593370270855
17.57,-1.5522973906007764,-1.829492792987053
17.580000000000002,-1.5520245488158015,-1.8014615020043527
17.59,-1.5535244836368869,-1.7754641268905973
17.6,-1.5562422301907255,-1.7522292531226413
17.61,-1.5601858259323886,-1.731515427981918
17.62,-1.565663026834642,-1.711159012471381
17.63,-1.5728043398689007,-1.6881740785629178
17.64,-1.5814637081409177,-1.6609595867350744
17.650000000000002,-1.591278736265429,-1.6300529227607128
17.66,-1.60201241871964,-1.597045932553318
17.67,-1.613750794627027,-1.5634863350795767
17.68,-1.626296468848052,-1.5309487817980794
17.69,-1.6387127520060574,-1.5012463542601762
17.7,-1.6499070352743215,-1.4754935905897995
17.71,-1.6594194236863389,-1.4531919899203771
17.72,-1.667413811903638,-1.4328649141008798
17.73,-1.6741457250805545,-1.4131868946314903
17.740000000000002,-1.6797028797103695,-1.3930718341167956
17.75,-1.6841309643822795,-1.3713224332816882
17.76,-1.6877086724230104,-1.346897120145774
17.77,-1.6911468105845573,-1.3194725272954484
17.78,-1.6953540679735868,-1.2894750475631935
17.79,-1.7009212739228299,-1.2575286581716036
17.8,-1.7079633551108855,-1.2241354703152667
17.81,-1.7162346896073573,-1.1898533358258243
17.82,-1.7250963146795655,-1.1552564055562862
17.830000000000002,-1.7337342927656678,-1.1205664722142847
17.84,-1.7416912806356646,-1.0855224254668054
17.85,-1.748947548874614,-1.0497327792321138
17.86,-1.7555043613397119,-1.013243485142145
17.87,-1.7611078134657414,-0.9767004536991263
17.88,-1.765426419142422,-0.9409875167353074
17.89,-1.768287151945456,-0.906740093453425
17.900000000000002,-1.7695465785825282,-0.8740055798702683
17.91,-1.7690524789059525,-0.842503473848088
17.92,-1.7669103574244944,-0.8124166361189594
17.93,-1.763553166041962,-0.7846091802910139
17.94,-1.7596700669590277,-0.7600058554990007
17.95,-1.7561148157145992,-0.7389515819134469
17.96,-1.7534429011255106,-0.7209631239805657
17.97,-1.7514730896965627,-0.7052002431937447
17.98,-1.7497399216421856,-0.6911110622540465
17.990000000000002,-1.7482105970345696,-0.6786359499657415
18.0,-1.7473078922901188,-0.6682767970950373
18.01,-1.7474195806809885,-0.6611391293592617
18.02,-1.748558840308816,-0.6583557649761477
18.03,-1.7503058917865904,-0.6602231196850926
18.04,-1.7518791669464922,-0.665653714177907
18.05,-1.7524686998157697,-0.6721975787865531
18.06,-1.7517425218332598,-0.677106389880216
18.07,-1.7499597580822097,-0.6789877472314664
18.080000000000002,-1.7475413822196395,-0.6783485768384869
18.09,-1.7446705167506502,-0.6763832336544672
18.1,-1.7413797606439494,-0.673541317453414
18.11,-1.7377906249542516,-0.6692196103331871
18.12,-1.734001446307941,-0.6624514245120567
18.13,-1.7300257169420277,-0.6529714681023441
18.14,-1.7261545343732827,-0.6417934703999041
18.150000000000002,-1.723019609333613,-0.6309759573762221
18.16,-1.7210872538319337,-0.6231884711049205
18.17,-1.7203612509954793,-0.6212362539095262
18.18,-1.7205211969132947,-0.6271787077571582
18.19,-1.7211083481304534,-0.6414749112538883
18.2,-1.7216776330800705,-0.662774375237784
18.21,-1.7218253449053464,-0.6885535294177554
18.22,-1.7210610588200987,-0.7164309996449444
18.23,-1.7190188001652225,-0.744933210432462
18.240000000000002,-1.7159962615439839,-0.7731380655153286
18.25,-1.7129713628122065,-0.8002669699647091
18.26,-1.7109529947927276,-0.8255832124754419
18.27,-1.710522766057932,-0.848342252649832
18.28,-1.711940574570381,-0.8680545513068174
18.29,-1.7153145711781934,-0.8846770829904316
18.3,-1.720584233216528,-0.8981954320834385
18.31,-1.727441361202848,-0.9083086575291195
18.32,-1.7352417169812462,-0.9147876500219815
18.330000000000002,-1.7431281541447001,-0.9177908330249533
18.34,-1.7503384730748701,-0.9177048264506645
18.35,-1.7563127031393015,-0.9149208717114024
18.36,-1.760726402256317,-0.9097719009626117
18.37,-1.763727811309654,-0.9028459916789494
18.38,-1.766099645234734,-0.8955936073783047
18.39,-1.7690701680843932,-0.8902497046068925
18.400000000000002,-1.7738675079527628,-0.8886802070962827
18.41,-1.7812650502527674,-0.8911782270835569
18.42,-1.7914132183847942,-0.8963495087158322
18.43,-1.8040552398715195,-0.9020785872857792
18.44,-1.8188976401774517,-0.9065848560747756
18.45,-1.8358570814761546,-0.9090383300420732
18.46,-1.854982602904054,-0.9097046733867029
18.47,-1.8760890106529844,-0.9094151911286923
18.48,-1.8986854871726289,-0.9089969416459575
18.490000000000002,-1.9222601380119413,-0.9097615736233693
18.5,-1.9465557246235143,-0.9137286452785371
18.51,-1.9716714478853916,-0.9221563962335342
18.52,-1.9979080668415847,-0.9342360500742589
18.53,-2.025494719068242,-0.9477651371789603
18.54,-2.054658099408441,-0.9604408980953885
18.55,-2.085882699003022,-0.9704733642770162
18.56,-2.1195705225840675,-0.9769556422066248
18.57,-2.1552688282365238,-0.9798440376896901
18.580000000000002,-2.191640385140306,-0.9794269680700339
18.59,-2.2272561186210873,-0.9760323641028221
18.6,-2.2611538420243176,-0.9697917277741311
18.61,-2.2928268678649015,-0.9605637862352778
18.62,-2.3220445570566346,-0.948960555142302
18.63,-2.3489003803918056,-0.9370738008529114
18.64,-2.3740970509369776,-0.9273824392372045
18.650000000000002,-2.3988244454237795,-0.9216369796176195
18.66,-2.424063361476687,-0.9208668531112478
18.67,-2.4501546569452652,-0.925387404625751
18.68,-2.4768725235875824,-0.9346042117223732
18.69,-2.5035359465571654,-0.9471624954559213
18.7,-2.529300689343298,-0.9612868875139478
18.71,-2.5537151809243044,-0.975056030459812
18.72,-2.576958957252836,-0.9870134424902106
18.73,-2.599722726001319,-0.9970980693145074
18.740000000000002,-2.623151323846148,-1.0065447099736113
18.75,-2.648522348857441,-1.0164146559936702
18.76,-2.6764746698260566,-1.0265712437074421
18.77,-2.7067099453596652,-1.0361092596265349
18.78,-2.738523322866256,-1.0440610058276418
18.79,-2.7712202908912595,-1.0494423430767146
18.8,-2.803969870714153,-1.0513914215144053
18.81,-2.835715205905308,-1.0499095853228144
18.82,-2.8655813933668077,-1.0463269626465266
18.830000000000002,-2.89325697129342,-1.043003705279206
18.84,-2.918783917623276,-1.0425600934934334
18.85,-2.942236574438473,-1.0469373848853336
18.86,-2.9636893280345245,-1.0570582616316655
18.87,-2.9831781199455305,-1.0732149454748166
18.88,-3.0007106743663714,-1.0953452410331694
18.89,-3.0163840318776804,-1.123290609677372
18.900000000000002,-3.030420511254393,-1.1571758832681192
18.91,-3.0431690808255136,-1.1971147414051568
18.92,-3.0549214733618135,-1.2422909330257454
18.93,-3.0656227445820203,-1.290531743847441
18.94,-3.074955229946672,-1.3387312965645266
18.95,-3.08256004051315,-1.383560573666644
18.96,-3.088096786742994,-1.4224136823474787
18.97,-3.0913894663928874,-1.4545344341082411
18.98,-3.0925408591477725,-1.481379766657552
18.990000000000002,-3.0916862362601454,-1.5058552396584575
19.0,-3.0887651138292322,-1.5311536493684974
19.01,-3.0837900343127966,-1.55986531612538
19.02,-3.0772421791096134,-1.593259817293632
19.03,-3.0698116008655845,-1.6310909426877935
19.04,-3.061700078473947,-1.6723152256135758
19.05,-3.052534138850174,-1.7154362342168579
19.06,-3.041789722117449,-1.7583842024900092
19.07,-3.029060432177421,-1.799264043740637
19.080000000000002,-3.014253182989543,-1.8372206650519107
19.09,-2.997701991008764,-1.8724838853900598
19.1,-2.9800345338827148,-1.9060037089127724
19.11,-2.961938288712667,-1.9386308623495478
19.12,-2.9439341961022416,-1.9704708015187276
19.13,-2.926303184317822,-2.001522978437225
19.14,-2.909150833242319,-2.032678882651168
19.150000000000002,-2.892421536353236,-2.0656326419274404
19.16,-2.8759303130401266,-2.101992021117516
19.17,-2.8592774512837846,-2.1426294058737936
19.18,-2.841587911810739,-2.1877501397476564
19.19,-2.821703956466567,-2.23717312638787
19.2,-2.7989799978132583,-2.290287243817179
19.21,-2.7737642530334368,-2.346092019481114
19.22,-2.747076252357814,-2.4035318931245375
19.23,-2.720116161100628,-2.4616107632090856
19.240000000000002,-2.694006592154914,-2.519231869602884
19.25,-2.6695714542514337,-2.5752005535819946
19.26,-2.64720878572088,-2.628502920112369
19.27,-2.6267877747753716,-2.678781227621784
19.28,-2.6075019299025044,-2.7266658238376302
19.29,-2.5880915308549217,-2.773425338840679
19.3,-2.567357717062036,-2.8200857333876104
19.31,-2.544352428546694,-2.8667167596914345
19.32,-2.5183352949634257,-2.912379334987273
19.330000000000002,-2.4889774006488694,-2.955655651175085
19.34,-2.4564980482230374,-2.9954047485615427
19.35,-2.4215139004928745,-3.0315267142588196
19.36,-2.3850701458023953,-3.065269924718356
19.37,-2.3486448526488957,-3.0986977303939325
19.38,-2.3136882419187335,-3.1336465801036826
19.39,-2.2811408615264277,-3.171008086321047
19.400000000000002,-2.2514303394196147,-3.2109419888684028
19.41,-2.224811563118414,-3.2533597568540333
19.42,-2.201496124399205,-3.2976290150945564
19.43,-2.181339418566906,-3.342032099852199
19.44,-2.1636047047696505,-3.3841329266418376
19.45,-2.147168870163435,-3.421881643299553
19.46,-2.1308987993201973,-3.454492833568294
19.47,-2.113973948747824,-3.482374292698339
19.48,-2.096087443043356,-3.5061324825570015
19.490000000000002,-2.077534932874671,-3.5258200774140707
19.5,-2.0591758611764104,-3.541402954253245
19.51,-2.0419489808251527,-3.553709021032691
19.52,-2.0261537411095762,-3.56442336167558
19.53,-2.0112974915994166,-3.575010657942193
19.54,-1.9964957445193428,-3.585957383264332
19.55,-1.9808751066234132,-3.5970925752481535
19.56,-1.9639619408955868,-3.608154432166854
19.57,-1.945980462240787,-3.6188856496336834
19.580000000000002,-1.9276404038731476,-3.6287882546764014
19.59,-1.909713425612667,-3.6369535619801447
19.6,-1.8930400579323798,-3.642443992152908
19.61,-1.8786676236894555,-3.6450224919103484
19.62,-1.8676380118509697,-3.645144266204883
19.63,-1.8606066144733788,-3.6431269130408395
19.64,-1.85746226337032,-3.6384618321973465
19.650000000000002,-1.8571599425146474,-3.6297578115567424
19.66,-1.8581247636083433,-3.6156786163143706
19.67,-1.8589292094864802,-3.5962648328247777
19.68,-1.8586671695618708,-3.57313707927113
19.69,-1.8571213332038792,-3.548299990687252
19.7,-1.8548691899219516,-3.5225567923281758
19.71,-1.8529504081183474,-3.494973541333962
19.72,-1.8523022037382835,-3.4635304863242617
19.73,-1.8536626512285508,-3.4258403854187014
19.740000000000002,-1.8576930443752648,-3.3801405536899845
19.75,-1.8649338207069084,-3.326375242028173
19.76,-1.8759548833768203,-3.2656572669374935
19.77,-1.8914980976765003,-3.1987983207345483
19.78,-1.9120798412570241,-3.126223360493596
19.79,-1.9375846795978795,-3.0489491996672213
19.8,-1.9674011575248658,-2.9687572343635757
19.81,-2.000711707997755,-2.8874379460622297
19.82,-2.0366012144786274,-2.806196449498756
19.830000000000002,-2.074167172742231,-2.7254933192106727
19.84,-2.112925501883303,-2.6449854595917013
19.85,-2.153171211521816,-2.563302364505665
19.86,-2.1956358630103052,-2.4780108205719746
19.87,-2.240838586743935,-2.386424868632869
19.88,-2.288866371066934,-2.2867567565488334
19.89,-2.339474712799626,-2.1783413054723084
19.900000000000002,-2.392247669770488,-2.0611965471188167
19.91,-2.4467987770034205,-1.9364825648575177
19.92,-2.502929755451847,-1.8070641112156196
19.93,-2.560599651234196,-1.6763832159548893
19.94,-2.61965883068444,-1.5468287492617814
19.95,-2.6795535142937488,-1.4192518516770205
19.96,-2.739413586371324,-1.2932833320588364
19.97,-2.7986843257274985,-1.1677248679890877
19.98,-2.857780337683113,-1.0409781428558138
19.990000000000002,-2.9181305371561246,-0.9114930762748311
