partID,tiempo,time,AngBiela,cadera,rodilla,tobillo
5,pre,0.0,95.44330951289253,54.7377,90.9369,4.92901
5,pre,0.005,96.36405268966777,55.2805,91.7494,5.14758
5,pre,0.01,97.44980771144068,55.897,92.6703,5.40852
5,pre,0.015,98.70573119836743,56.5746,93.692,5.71292
5,pre,0.02,100.13239610824319,57.3126,94.8046,6.06083
5,pre,0.025,101.72579173650202,58.1044,95.995,6.4516
5,pre,0.03,103.48248033637311,58.943,97.2496,6.88396
5,pre,0.035,105.3932945831344,59.8143,98.5545,7.35477
5,pre,0.04,107.44849419426866,60.7162,99.8925,7.86022
5,pre,0.045,109.6349011404879,61.6376,101.25,8.39639
5,pre,0.05,111.9381914769138,62.5747,102.611,8.9574
5,pre,0.055,114.34289534307787,63.5216,103.958,9.53708
5,pre,0.06,116.8323969629213,64.4744,105.278,10.1284
5,pre,0.065,119.38893464479504,65.4287,106.556,10.724
5,pre,0.07,121.9964655704354,66.3781,107.778,11.3168
5,pre,0.075,124.63894692157876,67.3182,108.931,11.8985
5,pre,0.08,127.30033587996145,68.258,110.005,12.4622
5,pre,0.085,129.96860033188568,69.1787,110.986,12.9999
5,pre,0.09,132.63170816365374,70.0886,111.866,13.5067
5,pre,0.095,135.27934613495327,70.9783,112.639,13.9759
5,pre,0.1,137.90406579444758,71.8574,113.299,14.4042
5,pre,0.105,140.50071052198047,72.7174,113.84,14.7867
5,pre,0.11,143.06412369739576,73.5547,114.264,15.1228
5,pre,0.115,145.59144053171784,74.3712,114.57,15.4103
5,pre,0.12,148.08208806715152,75.1629,114.761,15.6507
5,pre,0.125,150.5354933459017,75.9297,114.84,15.8457
5,pre,0.13,152.95165636796838,76.675,114.814,15.9972
5,pre,0.135,155.33286896453208,77.3885,114.69,16.11
5,pre,0.14,157.68027705118308,78.0748,114.476,16.1881
5,pre,0.145,159.99674541689697,78.7267,114.179,16.2376
5,pre,0.15,162.28399293505925,79.3542,113.811,16.2643
5,pre,0.155,164.54488439464546,79.9458,113.375,16.2747
5,pre,0.16,166.7817116268362,80.5002,112.884,16.2748
5,pre,0.165,168.99791237840222,81.0184,112.342,16.2704
5,pre,0.17,171.19577848052407,81.5003,111.756,16.2673
5,pre,0.17500000000000002,173.37817472217736,81.9435,111.134,16.2704
5,pre,0.18,175.54681997674754,82.3463,110.477,16.2842
5,pre,0.185,177.70515199100535,82.7033,109.794,16.313
5,pre,0.19,179.8548896383362,83.017,109.083,16.3595
5,pre,0.195,-178.00251708667827,83.2874,108.349,16.4268
5,pre,0.2,-175.86423859525001,83.5018,107.591,16.5157
5,pre,0.20500000000000002,-173.7293978505926,83.6691,106.811,16.627
5,pre,0.21,-171.59627597932052,83.7778,106.005,16.7609
5,pre,0.215,-169.4643000236387,83.8354,105.175,16.9152
5,pre,0.22,-167.3317511101618,83.8408,104.319,17.0889
5,pre,0.225,-165.19920219668487,83.7886,103.436,17.2785
5,pre,0.23,-163.0660803254128,83.684,102.525,17.4815
5,pre,0.23500000000000001,-160.93123958075537,83.526,101.583,17.6938
5,pre,0.24,-158.79467996271254,83.3114,100.611,17.913
5,pre,0.245,-156.65582851348918,83.0516,99.6053,18.135
5,pre,0.25,-154.51468523308526,82.7431,98.568,18.3569
5,pre,0.255,-152.36953124811546,82.3825,97.4955,18.5757
5,pre,0.26,-150.21979360078464,81.9773,96.3904,18.7883
5,pre,0.265,-148.06432637550247,81.5281,95.2515,18.9928
5,pre,0.27,-145.90141069888364,81.0345,94.0791,19.1871
5,pre,0.275,-143.72990065533781,80.5039,92.8755,19.3695
5,pre,0.28,-141.5480773714796,79.9243,91.6391,19.5394
5,pre,0.28500000000000003,-139.3542219739237,79.3186,90.3742,19.6959
5,pre,0.29,-137.14718854707976,78.6694,89.0807,19.8378
5,pre,0.295,-134.9246852597673,77.9851,87.7591,19.9657
5,pre,0.3,-132.6844202808058,77.2664,86.4122,20.0787
5,pre,0.305,-130.42639361019522,76.515,85.0406,20.1774
5,pre,0.31,-128.14774045895993,75.7333,83.6457,20.2607
5,pre,0.315,-125.8461689959194,74.922,82.231,20.3297
5,pre,0.32,-123.52110626327853,74.0846,80.796,20.3838
5,pre,0.325,-121.17083338765188,73.2189,79.3425,20.4226
5,pre,0.33,-118.79248558006383,72.3297,77.8743,20.4463
5,pre,0.335,-116.38548988271926,71.4182,76.3906,20.4535
5,pre,0.34,-113.94870038002786,70.4829,74.8947,20.4442
5,pre,0.34500000000000003,-111.48039819860428,69.5309,73.3879,20.4164
5,pre,0.35000000000000003,-108.9788644650631,68.5605,71.8694,20.369
5,pre,0.355,-106.44295326381408,67.5734,70.3407,20.3006
5,pre,0.36,-103.87266459485721,66.5714,68.8039,20.2087
5,pre,0.365,-101.26685254260221,65.556,67.2578,20.091
5,pre,0.37,-98.624944149254,64.5263,65.7047,19.9457
5,pre,0.375,-95.94636645701739,63.4823,64.144,19.7706
5,pre,0.38,-93.23283833927782,62.4279,62.5802,19.5634
5,pre,0.385,-90.48378683824012,61.3665,61.0121,19.3216
5,pre,0.39,-87.70035786949458,60.2952,59.4444,19.0438
5,pre,0.395,-84.8842703064266,59.2148,57.8791,18.7287
5,pre,0.4,-82.03724302242153,58.1312,56.3181,18.3748
5,pre,0.405,-79.16156784865993,57.0403,54.7669,17.9812
5,pre,0.41000000000000003,-76.26010957411744,55.944,53.2287,17.5483
5,pre,0.41500000000000004,-73.3374518611551,54.8481,51.7079,17.0767
5,pre,0.42,-70.39531358315834,53.7495,50.2093,16.5671
5,pre,0.425,-67.43942431807842,52.6581,48.7393,16.0219
5,pre,0.43,-64.47379477048129,51.5664,47.3016,15.4438
5,pre,0.435,-61.50300860272797,50.4847,45.9028,14.8353
5,pre,0.44,-58.53164947717951,49.4125,44.5473,14.201
5,pre,0.445,-55.56584804224383,48.3511,43.2418,13.5451
5,pre,0.45,-52.609443115148295,47.3119,41.9925,12.8725
5,pre,0.455,-49.66827886540324,46.2901,40.8037,12.1886
5,pre,0.46,-46.74625140601556,45.291,39.6826,11.4999
5,pre,0.465,-43.84794439934629,44.3231,38.6334,10.8114
5,pre,0.47000000000000003,-40.97736854996134,43.3789,37.6613,10.1301
5,pre,0.47500000000000003,-38.13819078774958,42.475,36.7699,9.46087
5,pre,0.48,-35.333505084804685,41.6007,35.962,8.80989
5,pre,0.485,-32.56600434276378,40.766,35.2392,8.18188
5,pre,0.49,-29.837579322350805,39.9658,34.6024,7.58186
5,pre,0.495,-27.150120784289676,39.208,34.0518,7.01396
5,pre,0.5,-24.504889235729692,38.4871,33.5863,6.48184
5,pre,0.505,-21.902572226025004,37.8065,33.2045,5.98769
5,pre,0.51,-19.343513529852697,37.1667,32.9055,5.53468
5,pre,0.515,-16.82759855565374,36.5617,32.6863,5.12441
5,pre,0.52,-14.354540824530567,36.0027,32.5475,4.75863
5,pre,0.525,-11.923538195569996,35.478,32.4878,4.43801
5,pre,0.53,-9.533731232079331,34.9963,32.5072,4.1647
5,pre,0.535,-7.183802131129774,34.5563,32.6065,3.93908
5,pre,0.54,-4.872272661609884,34.1622,32.7869,3.76093
5,pre,0.545,-2.5974755163358303,33.8123,33.0498,3.63135
5,pre,0.55,-0.3575159238791165,33.5105,33.3971,3.54992
5,pre,0.555,1.8497541345342037,33.2594,33.8306,3.516
5,pre,0.56,4.026598415152693,33.0619,34.3525,3.52921
5,pre,0.5650000000000001,6.175511003258553,32.9136,34.9638,3.58764
5,pre,0.5700000000000001,8.299179070910949,32.8274,35.6656,3.6888
5,pre,0.5750000000000001,10.40044448877373,32.7897,36.4572,3.83018
5,pre,0.58,12.482343933161088,32.8155,37.3386,4.0083
5,pre,0.585,14.547971376166734,32.8955,38.3077,4.21947
5,pre,0.59,16.60064997300242,33.032,39.3626,4.45862
5,pre,0.595,18.643473695761855,33.2224,40.4994,4.72048
5,pre,0.6,20.679593812318263,33.47,41.7146,5.00062
5,pre,0.605,22.71198970320632,33.7637,43.0022,5.29247
5,pre,0.61,24.74312508694509,34.1082,44.357,5.59081
5,pre,0.615,26.77546368205363,34.4944,45.7726,5.88983
5,pre,0.62,28.810896249255883,34.9209,47.2408,6.18398
5,pre,0.625,30.851084366157714,35.3854,48.7544,6.46811
5,pre,0.63,32.89746042724697,35.8786,50.3058,6.73727
5,pre,0.635,34.95111305233437,36.4004,51.8872,6.9881
5,pre,0.64,37.01313086123069,36.9482,53.492,7.21687
5,pre,0.645,39.08402951595154,37.5121,55.1147,7.42104
5,pre,0.65,41.16478304474864,38.0962,56.748,7.59865
5,pre,0.655,43.25567792651955,38.6929,58.3873,7.7482
5,pre,0.66,45.35734441483893,39.3066,60.0294,7.86915
5,pre,0.665,47.470298171722376,39.9325,61.669,7.96095
5,pre,0.67,49.59453919716991,40.5667,63.3035,8.02387
5,pre,0.675,51.73081233631518,41.2137,64.9302,8.05801
5,pre,0.68,53.87934677227624,41.8733,66.5464,8.06406
5,pre,0.685,56.04065816706874,42.5453,68.1495,8.04364
5,pre,0.6900000000000001,58.21537677426729,43.2292,69.738,7.9975
5,pre,0.6950000000000001,60.40350259387191,43.9269,71.3105,7.92705
5,pre,0.7000000000000001,62.60652531614991,44.6361,72.8643,7.83512
5,pre,0.705,64.8238719833062,45.3575,74.3987,7.72232
5,pre,0.71,67.05726146872615,46.0937,75.9129,7.5931
5,pre,0.715,69.3072667302049,46.8435,77.4052,7.44805
5,pre,0.72,71.57388776774245,47.6097,78.8763,7.29138
5,pre,0.725,73.85769753913391,48.3934,80.3243,7.12626
5,pre,0.73,76.16098787555981,49.1904,81.75,6.9548
5,pre,0.735,78.4826128614299,50.0046,83.1521,6.78197
5,pre,0.74,80.82429137012959,50.8347,84.5315,6.61005
5,pre,0.745,83.18659635945397,51.6851,85.8875,6.44265
5,pre,0.75,85.56895487160793,52.5543,87.2195,6.28445
5,pre,0.755,87.97251282218174,53.4356,88.5285,6.13777
5,pre,0.76,90.39784316897051,54.3335,89.8134,6.00655
5,pre,0.765,92.84322703858885,55.2483,91.0738,5.89367
5,pre,0.77,95.30981034662705,56.1769,92.3092,5.80364
5,pre,0.775,97.7958742196997,57.1205,93.5207,5.73856
5,pre,0.78,100.30084570001165,58.0726,94.7067,5.70206
5,pre,0.785,102.8241518297678,59.0359,95.8677,5.69742
5,pre,0.79,105.3635007777876,60.0076,97.0028,5.72589
5,pre,0.795,107.91774662848083,60.9839,98.1116,5.79023
5,pre,0.8,110.48402459287178,61.9593,99.1926,5.89205
5,pre,0.805,113.0606157975751,62.9396,100.244,6.03238
5,pre,0.81,115.64522841141023,63.9237,101.265,6.21231
5,pre,0.8150000000000001,118.23385172981128,64.9024,102.253,6.43052
5,pre,0.8200000000000001,120.82476687939287,65.8715,103.206,6.68632
5,pre,0.8250000000000001,123.41510907117932,66.8442,104.122,6.97888
5,pre,0.8300000000000001,126.00086760060472,67.8034,104.998,7.30511
5,pre,0.835,128.5803235942837,68.7574,105.829,7.6629
5,pre,0.84,131.14889338985517,69.7001,106.615,8.0486
5,pre,0.845,133.7054310717289,70.6319,107.349,8.45933
5,pre,0.85,136.2464988931341,71.5528,108.032,8.89164
5,pre,0.855,138.76980502289027,72.4558,108.661,9.34249
5,pre,0.86,141.27363058761193,73.3465,109.232,9.80731
5,pre,0.865,143.7562567139138,74.2117,109.747,10.2841
5,pre,0.87,146.21596452841044,75.0574,110.2,10.7685
5,pre,0.875,148.65218107330668,75.8803,110.593,11.2577
5,pre,0.88,151.0631874752172,76.6737,110.922,11.748
5,pre,0.885,153.45012964973222,77.4399,111.187,12.2362
5,pre,0.89,155.81186168126146,78.174,111.385,12.7198
5,pre,0.895,158.14952948539522,78.8687,111.516,13.1942
5,pre,0.9,160.46313306213347,79.5325,111.579,13.6574
5,pre,0.905,162.7532453692714,80.154,111.572,14.1063
5,pre,0.91,165.02215823798946,80.7315,111.496,14.5398
5,pre,0.915,167.27101758387795,81.2725,111.352,14.9557
5,pre,0.92,169.50096932252706,81.7606,111.137,15.3533
5,pre,0.925,171.71430528511746,82.2126,110.855,15.731
5,pre,0.93,173.91274434503444,82.6127,110.506,16.0903
5,pre,0.935,176.0980053756634,82.9601,110.092,16.4302
5,pre,0.9400000000000001,178.27238020818487,83.2622,109.613,16.7522
5,pre,0.9450000000000001,-179.56153524722922,83.5164,109.076,17.057
5,pre,0.9500000000000001,-177.40205731738115,83.7173,108.478,17.3459
5,pre,0.9550000000000001,-175.2471630498941,83.8695,107.824,17.6199
5,pre,0.96,-173.09456061358762,83.9714,107.115,17.8803
5,pre,0.965,-170.94253113507622,84.0219,106.355,18.1283
5,pre,0.97,-168.78935574097463,84.0188,105.546,18.365
5,pre,0.975,-166.63388851569246,83.9727,104.69,18.5911
5,pre,0.98,-164.4749835436395,83.8723,103.789,18.8081
5,pre,0.985,-162.3109219514304,83.7283,102.847,19.0165
5,pre,0.99,-160.14227669686022,83.5386,101.868,19.2161
5,pre,0.995,-157.96790186433876,83.2983,100.852,19.4077
5,pre,1.0,-155.78722449607082,83.0192,99.8032,19.5921
5,pre,1.0050000000000001,-153.60139050764676,82.6957,98.723,19.7695
5,pre,1.01,-151.40925398347625,82.3286,97.6129,19.9403
5,pre,1.0150000000000001,-149.2119608391495,81.9235,96.4751,20.1049
5,pre,1.02,-147.00779220128123,81.4709,95.3108,20.2629
5,pre,1.025,-144.79617511207627,80.9796,94.1177,20.4149
5,pre,1.03,-142.5776825293297,80.4459,92.8991,20.5608
5,pre,1.035,-140.3505955796562,79.8684,91.6524,20.7006
5,pre,1.04,-138.11376834746545,79.2501,90.3784,20.8334
5,pre,1.045,-135.86662787496235,78.5939,89.0786,20.9588
5,pre,1.05,-133.6068823309664,77.8941,87.7509,21.0763
5,pre,1.055,-131.3339587576824,77.1551,86.396,21.1855
5,pre,1.06,-129.04556532392994,76.3783,85.0149,21.2854
5,pre,1.065,-126.7417020297089,75.5697,83.6087,21.3751
5,pre,1.07,-124.41893112824853,74.7213,82.1765,21.4533
5,pre,1.075,-122.07667966175372,73.841,80.7223,21.5191
5,pre,1.08,-119.7138017146342,72.9273,79.2439,21.5709
5,pre,1.085,-117.32857841350459,71.9885,77.7459,21.6076
5,pre,1.09,-114.91986384277459,71.0188,76.2292,21.6275
5,pre,1.095,-112.48593912905886,70.0315,74.695,21.6292
5,pre,1.1,-110.02680427235738,69.017,73.1451,21.6107
5,pre,1.105,-107.54074039928473,67.9861,71.582,21.5703
5,pre,1.11,-105.02774750984095,66.9369,70.0075,21.5046
5,pre,1.115,-102.48725264623089,65.8736,68.4233,21.4122
5,pre,1.12,-99.91982876624965,64.7997,66.8313,21.2911
5,pre,1.125,-97.32490291210216,63.7095,65.2334,21.1385
5,pre,1.1300000000000001,-94.70362099937864,62.6154,63.6324,20.9522
5,pre,1.135,-92.05655598587424,61.5153,62.0309,20.7303
5,pre,1.1400000000000001,-89.38542674497435,60.4135,60.4327,20.4713
5,pre,1.145,-86.69137919226921,59.3013,58.8395,20.1736
5,pre,1.1500000000000001,-83.97555924334911,58.1935,57.2553,19.836
5,pre,1.155,-81.24025872939455,57.0835,55.6841,19.458
5,pre,1.16,-78.48776948158607,55.9795,54.1296,19.0394
5,pre,1.165,-75.71981037330909,54.8711,52.5959,18.5807
5,pre,1.17,-72.93867323574406,53.7727,51.0871,18.0831
5,pre,1.175,-70.14607694227644,52.6804,49.6062,17.5475
5,pre,1.18,-67.34431332408671,51.5908,48.1576,16.9766
5,pre,1.185,-64.5356742123554,50.5164,46.7458,16.3731
5,pre,1.19,-61.7213055226728,49.4513,45.3756,15.7402
5,pre,1.195,-58.902926128424276,48.3993,44.051,15.0829
5,pre,1.2,-56.082369494554264,47.3639,42.7768,14.4051
5,pre,1.205,-53.26146908600717,46.3489,41.5576,13.7125
5,pre,1.21,-50.44160000149131,45.3549,40.3982,13.01
5,pre,1.215,-47.62465300173062,44.3857,39.3036,12.3044
5,pre,1.22,-44.81257614322854,43.4438,38.2801,11.6006
5,pre,1.225,-42.00748936982705,42.5319,37.3312,10.9059
5,pre,1.23,-39.21156992114766,41.6513,36.4623,10.2257
5,pre,1.235,-36.427338811488944,40.7993,35.676,9.56596
5,pre,1.24,-33.658348379180694,39.9898,34.9747,8.93231
5,pre,1.245,-30.907005046962485,39.2121,34.3617,8.32839
5,pre,1.25,-28.177319519400214,38.4786,33.8359,7.75936
5,pre,1.2550000000000001,-25.472099289690036,37.7778,33.3983,7.22766
5,pre,1.26,-22.795240470838827,37.1199,33.0479,6.73654
5,pre,1.2650000000000001,-20.15012351383787,36.5003,32.7841,6.28789
5,pre,1.27,-17.53972779922184,35.9229,32.6054,5.88341
5,pre,1.2750000000000001,-14.966918115966392,35.3796,32.5109,5.52361
5,pre,1.28,-12.434158182590586,34.8881,32.5003,5.20983
5,pre,1.285,-9.943224168259333,34.431,32.5727,4.94202
5,pre,1.29,-7.4955484674604556,34.0214,32.7282,4.72031
5,pre,1.295,-5.091600905585963,33.6568,32.9666,4.54415
5,pre,1.3,-2.731455967149222,33.3373,33.2889,4.41445
5,pre,1.305,-0.41439974673749974,33.0686,33.6974,4.32994
5,pre,1.31,1.8608809749156443,32.8507,34.1923,4.28947
5,pre,1.315,4.096264353462648,32.6829,34.7764,4.29246
5,pre,1.32,6.294285154189171,32.5744,35.4497,4.33737
5,pre,1.325,8.457831084382674,32.5176,36.2138,4.42182
5,pre,1.33,10.590379997859598,32.52,37.0682,4.54393
5,pre,1.335,12.695598824508782,32.5808,38.013,4.70015
5,pre,1.34,14.777555564675653,32.6948,39.0462,4.88697
5,pre,1.345,16.84043281026467,32.8675,40.1643,5.09965
5,pre,1.35,18.888470448959797,33.0974,41.3629,5.33338
5,pre,1.355,20.92585107266549,33.3792,42.6365,5.5822
5,pre,1.36,22.956413498609127,33.7075,43.9778,5.84089
5,pre,1.365,24.983710065120523,34.0812,45.3791,6.10249
5,pre,1.37,27.010892040072886,34.496,46.8311,6.36161
5,pre,1.375,29.04070962088285,34.9436,48.3253,6.61192
5,pre,1.3800000000000001,31.07522545561289,35.4297,49.853,6.84864
5,pre,1.385,33.1161584176484,35.9345,51.4055,7.06649
5,pre,1.3900000000000001,35.164769014138656,36.4653,52.9759,7.26177
5,pre,1.395,37.222317752232954,37.0156,54.556,7.43089
5,pre,1.4000000000000001,39.289549477064966,37.5824,56.1423,7.57197
5,pre,1.405,41.36680796331177,38.1619,57.7286,7.68314
5,pre,1.41,43.45483805610703,38.7577,59.313,7.76325
5,pre,1.415,45.55381164278928,39.3652,60.8911,7.81223
5,pre,1.42,47.66401520225611,39.9844,62.4626,7.82966
5,pre,1.425,49.78579250918457,40.6158,64.0246,7.81596
5,pre,1.43,51.91920085935419,41.2644,65.5773,7.77168
5,pre,1.435,54.064526731662525,41.9209,67.118,7.69845
5,pre,1.44,56.22240037968424,42.5922,68.6479,7.59765
5,pre,1.445,58.39299369075785,43.2815,70.1648,7.47036
5,pre,1.45,60.57653584800142,43.981,71.6685,7.31964
5,pre,1.455,62.773256034532984,44.6976,73.1589,7.14723
5,pre,1.46,64.98487312373797,45.4309,74.636,6.95606
5,pre,1.465,67.21024120002609,46.1823,76.0982,6.74949
5,pre,1.47,69.45165209457787,46.9488,77.5457,6.53073
5,pre,1.475,71.70910580739331,47.7281,78.9778,6.30347
5,pre,1.48,73.98260233847242,48.5277,80.393,6.07147
5,pre,1.485,76.2744335189957,49.3377,81.7903,5.83933
5,pre,1.49,78.58402639116807,50.1638,83.1708,5.60992
5,pre,1.495,80.91252687057974,51.0045,84.5313,5.38842
5,pre,1.5,83.26108087282095,51.8591,85.8742,5.17896
5,pre,1.5050000000000001,85.62911544009665,52.7278,87.1963,4.98563
5,pre,1.51,88.01777648799707,53.6113,88.4989,4.81222
5,pre,1.5150000000000001,90.4276369743173,54.4999,89.7799,4.66372
5,pre,1.52,92.85812394126226,55.4057,91.0409,4.54255
5,pre,1.5250000000000001,95.30923738883192,56.3209,92.2811,4.45269
5,pre,1.53,97.78097731702628,57.2435,93.4997,4.39776
5,pre,1.5350000000000001,100.27277076805024,58.1768,94.6954,4.37971
5,pre,1.54,102.78289886851837,59.118,95.8701,4.40138
5,pre,1.545,105.31078866063557,60.069,97.0192,4.46442
5,pre,1.55,107.8541483132213,61.0239,98.1438,4.56985
5,pre,1.555,110.41125895289017,61.9805,99.2419,4.71826
5,pre,1.56,112.98040170625677,62.9427,100.312,4.91042
5,pre,1.565,115.55813882655033,63.9006,101.351,5.14596
5,pre,1.57,118.1427514403855,64.8641,102.358,5.42368
5,pre,1.575,120.73080180099142,65.819,103.33,5.74146
5,pre,1.58,123.3182792038022,66.7767,104.263,6.09765
5,pre,1.585,125.90346477543251,67.7217,105.154,6.4891
5,pre,1.59,128.4817748535212,68.6624,106.001,6.91348
5,pre,1.595,131.05149056468292,69.5891,106.797,7.36616
5,pre,1.6,133.6086012043518,70.5014,107.544,7.84502
5,pre,1.605,136.15081494134725,71.403,108.235,8.34558
5,pre,1.61,138.67526698669369,72.2802,108.868,8.86423
5,pre,1.615,141.1796655092105,73.1383,109.441,9.39696
5,pre,1.62,143.66229163551236,73.97,109.952,9.93988
5,pre,1.625,146.12199945000899,74.7796,110.398,10.4898
5,pre,1.6300000000000001,148.55649712151984,75.5555,110.778,11.0427
5,pre,1.635,150.96521169224982,76.3013,111.091,11.5945
5,pre,1.6400000000000001,153.34871611999404,77.0149,111.335,12.1422
5,pre,1.645,155.70586448916225,77.6913,111.51,12.6822
5,pre,1.6500000000000001,158.03665679975447,78.3314,111.615,13.2105
5,pre,1.655,160.342811925156,78.9335,111.65,13.7242
5,pre,1.6600000000000001,162.62490282316207,79.4959,111.615,14.221
5,pre,1.665,164.88292949377265,80.0185,111.51,14.6977
5,pre,1.67,167.11975672596338,80.4986,111.336,15.1528
5,pre,1.675,169.3359574775294,80.9364,111.094,15.584
5,pre,1.68,171.53382357965125,81.3352,110.786,15.9916
5,pre,1.685,173.7145009479192,81.6894,110.413,16.3747
5,pre,1.69,175.88142732910396,82.0027,109.978,16.7336
5,pre,1.695,178.03517568100068,82.2738,109.483,17.0692
5,pre,1.7,-179.82051217062832,82.505,108.933,17.3825
5,pre,1.705,-177.68452551038064,82.69,108.327,17.6746
5,pre,1.71,-175.55484138587937,82.833,107.668,17.9477
5,pre,1.715,-173.42802205035375,82.9343,106.961,18.2024
5,pre,1.72,-171.3023486304184,82.987,106.206,18.4406
5,pre,1.725,-169.1761022526879,83.0024,105.407,18.6637
5,pre,1.73,-167.04699108598177,82.9651,104.565,18.8729
5,pre,1.735,-164.91215034132435,82.8901,103.683,19.0695
5,pre,1.74,-162.7704341031253,82.7706,102.763,19.2543
5,pre,1.745,-160.62012349799934,82.602,101.805,19.4286
5,pre,1.75,-158.459499652561,82.393,100.813,19.5924
5,pre,1.7550000000000001,-156.28684369342494,82.1399,99.786,19.7465
5,pre,1.76,-154.1004367472057,81.843,98.7254,19.8912
5,pre,1.7650000000000001,-151.90027881390333,81.5007,97.6343,20.0264
5,pre,1.77,-149.68407806233733,81.1169,96.5114,20.1531
5,pre,1.7750000000000001,-147.45240745030273,80.6896,95.3563,20.2708
5,pre,1.78,-145.20297514661914,80.2153,94.1729,20.3804
5,pre,1.7850000000000001,-142.9363541090816,79.7001,92.9597,20.4813
5,pre,1.79,-140.65082546430475,79.1419,91.7164,20.5742
5,pre,1.795,-138.34638921228859,78.5422,90.4456,20.6591
5,pre,1.8,-136.02247239523797,77.9031,89.1458,20.7357
5,pre,1.805,-133.67678318197235,77.2178,87.8193,20.8034
5,pre,1.81,-131.30932157249183,76.4961,86.4651,20.8625
5,pre,1.815,-128.918941651206,75.7337,85.0844,20.9119
5,pre,1.82,-126.50564341811497,74.9392,83.68,20.9511
5,pre,1.825,-124.06770799983333,74.1071,82.2509,20.9791
5,pre,1.83,-121.60513539636105,73.2407,80.7993,20.9945
5,pre,1.835,-119.11792560769815,72.3523,79.3285,20.9971
5,pre,1.84,-116.60493271825437,71.4299,77.838,20.9853
5,pre,1.845,-114.06672968582481,70.4881,76.3323,20.9574
5,pre,1.85,-111.50217059481925,69.5183,74.8105,20.9129
5,pre,1.855,-108.91297431862304,68.5306,73.2766,20.8486
5,pre,1.86,-106.29742198385084,67.5304,71.73,20.7631
5,pre,1.865,-103.65665950609288,66.5109,70.1749,20.655
5,pre,1.87,-100.99011392755402,65.4825,68.6126,20.5214
5,pre,1.875,-98.29721229043916,64.4403,67.0443,20.3612
5,pre,1.8800000000000001,-95.5785275525434,63.394,65.4737,20.1715
5,pre,1.885,-92.83348675607162,62.3381,63.9035,19.9507
5,pre,1.8900000000000001,-90.06266285881897,61.2822,62.3336,19.6967
5,pre,1.895,-87.26433698740003,60.2234,60.7684,19.4081
5,pre,1.9000000000000001,-84.44080097299533,59.164,59.2094,19.0834
5,pre,1.905,-81.59033594221948,58.102,57.6598,18.7214
5,pre,1.9100000000000001,-78.71580668404815,57.0401,56.1224,18.3214
5,pre,1.915,-75.81721319848131,55.9812,54.6018,17.8844
5,pre,1.92,-72.89742027449465,54.9234,53.1,17.4093
5,pre,1.925,-69.95929270106377,53.8714,51.6217,16.8983
5,pre,1.93,-67.00684118275464,52.8215,50.1684,16.3515
5,pre,1.935,-64.0446493819283,51.7774,48.7466,15.772
5,pre,1.94,-61.07787391874088,50.7394,47.3581,15.1614
5,pre,1.945,-58.11453620232427,49.7152,46.0072,14.5238
5,pre,1.95,-55.16065228952731,48.699,44.6992,13.8631
5,pre,1.955,-52.22395711058427,47.6991,43.4391,13.1833
5,pre,1.96,-49.31281584930407,46.7197,42.2316,12.4901
5,pre,1.965,-46.4342185907873,45.756,41.0799,11.788
5,pre,1.97,-43.595499194811644,44.811,39.9904,11.0836
5,pre,1.975,-40.80250183088742,43.8943,38.9671,10.3817
5,pre,1.98,-38.06003934449374,42.9973,38.0132,9.68865
5,pre,1.985,-35.37114841194478,42.1319,37.1331,9.01074
5,pre,1.99,-32.73703224461034,41.2872,36.3287,8.35276
5,pre,1.995,-30.157576250931367,40.4802,35.6023,7.72024
5,pre,2.0,-27.631519923758592,39.6962,34.9561,7.11762
5,pre,2.005,-25.156514136131978,38.9492,34.3903,6.55048
5,pre,2.0100000000000002,-22.729751394855374,38.2347,33.9067,6.02236
5,pre,2.015,-20.348366910953136,37.5556,33.5053,5.53653
5,pre,2.02,-18.00875105031593,36.9105,33.1866,5.096
5,pre,2.025,-15.707809840850057,36.303,32.9498,4.70397
5,pre,2.0300000000000002,-13.442048240005219,35.7327,32.7947,4.36134
5,pre,2.035,-11.208257684128677,35.1994,32.7222,4.06993
5,pre,2.04,-9.003286905347217,34.7113,32.7314,3.83113
5,pre,2.045,-6.8242711146851835,34.2652,32.8239,3.6456
5,pre,2.05,-4.668219472451993,33.8646,33.0008,3.5142
5,pre,2.055,-2.5324505361664333,33.5079,33.2632,3.43741
5,pre,2.06,-0.41439802786411434,33.1986,33.6121,3.41422
5,pre,2.065,1.6883519236458506,32.9401,34.0495,3.44466
5,pre,2.07,3.7780894306705997,32.7331,34.5753,3.52706
5,pre,2.075,5.8568891733863016,32.577,35.1901,3.66018
5,pre,2.08,7.9266992082964,32.4813,35.8936,3.84113
5,pre,2.085,9.98946186232639,32.4317,36.685,4.06668
5,pre,2.09,12.046609529964098,32.439,37.5626,4.33351
5,pre,2.095,14.099689197256376,32.4973,38.5235,4.63668
5,pre,2.1,16.150018667132027,32.6099,39.5637,4.97147
5,pre,2.105,18.198743855181313,32.7673,40.6782,5.33211
5,pre,2.11,20.246724198096928,32.9756,41.862,5.71246
5,pre,2.115,22.294761836792055,33.2307,43.1097,6.10668
5,pre,2.12,24.34365891217988,33.528,44.4146,6.50908
5,pre,2.125,26.393931086276016,33.8599,45.7702,6.91344
5,pre,2.13,28.445864837978036,34.2315,47.1699,7.31389
5,pre,2.1350000000000002,30.49997582930155,34.632,48.6078,7.70608
5,pre,2.14,32.556550539144126,35.0638,50.0762,8.0841
5,pre,2.145,34.61587544640333,35.5216,51.5697,8.44462
5,pre,2.15,36.67846621309478,36.0078,53.0836,8.78408
5,pre,2.1550000000000002,38.74420824765945,36.5118,54.6144,9.0998
5,pre,2.16,40.81413287412858,37.0414,56.157,9.39026
5,pre,2.165,42.88824009250216,37.5912,57.7104,9.65329
5,pre,2.17,44.96750393103191,38.1586,59.2705,9.88869
5,pre,2.1750000000000003,47.05249734751298,38.7487,60.8363,10.0958
5,pre,2.18,49.14425166597659,39.3583,62.4059,10.2747
5,pre,2.185,51.24351173155642,39.9865,63.9778,10.4268
5,pre,2.19,53.351652642960765,40.6352,65.5504,10.5513
5,pre,2.195,55.4698203157799,41.3043,67.1213,10.6499
5,pre,2.2,57.59944714450166,41.9899,68.6904,10.7244
5,pre,2.205,59.7417363404958,42.6943,70.2539,10.7757
5,pre,2.21,61.89777652357309,43.4139,71.8108,10.8065
5,pre,2.215,64.06985952491405,44.1528,73.3583,10.8185
5,pre,2.22,66.2585583023138,44.9094,74.895,10.814
5,pre,2.225,68.46559172915772,45.6796,76.4187,10.7965
5,pre,2.23,70.69267867883123,46.4611,77.9271,10.7679
5,pre,2.235,72.93981915133432,47.2599,79.4185,10.7315
5,pre,2.24,75.20930497784752,48.0698,80.8916,10.6904
5,pre,2.245,77.50056320057567,48.8913,82.3442,10.6479
5,pre,2.25,79.8153126929042,49.7283,83.7755,10.6067
5,pre,2.255,82.1535534548331,50.5736,85.1844,10.5705
5,pre,2.2600000000000002,84.51528548636234,51.4319,86.5705,10.5417
5,pre,2.265,86.90050878749194,52.2942,87.9316,10.5235
5,pre,2.27,89.3086504004268,53.1772,89.2692,10.5181
5,pre,2.275,91.73856440957663,54.0666,90.5826,10.5285
5,pre,2.2800000000000002,94.18910489935116,54.9675,91.8704,10.5562
5,pre,2.285,96.65969891195526,55.8771,93.1327,10.6033
5,pre,2.29,99.14862757400357,56.7948,94.3678,10.6711
5,pre,2.295,101.65302609652039,57.7255,95.5768,10.7617
5,pre,2.3000000000000003,104.17174856391549,58.6639,96.7577,10.8752
5,pre,2.305,106.70193018721321,59.6071,97.91,11.013
5,pre,2.31,109.24070617743789,60.5531,99.0303,11.1757
5,pre,2.315,111.78635766120414,61.4987,100.118,11.3633
5,pre,2.32,114.33544689174117,62.4462,101.171,11.5759
5,pre,2.325,116.8851090800733,63.3933,102.187,11.8128
5,pre,2.33,119.4330523950201,64.3382,103.165,12.0734
5,pre,2.335,121.97641204760585,65.28,104.101,12.3563
5,pre,2.34,124.51232324885486,66.2137,104.995,12.6592
5,pre,2.345,127.03849416758663,67.1406,105.841,12.9813
5,pre,2.35,129.5526329726207,68.0558,106.638,13.3192
5,pre,2.355,132.05187487498134,68.9609,107.383,13.6702
5,pre,2.36,134.53507395907835,69.8532,108.073,14.0331
5,pre,2.365,137.00051135152626,70.7308,108.709,14.4045
5,pre,2.37,139.44704113673487,71.5901,109.284,14.782
5,pre,2.375,141.87351739911392,72.4291,109.8,15.1629
5,pre,2.38,144.2787942230731,73.2433,110.253,15.5446
5,pre,2.3850000000000002,146.6628716086125,74.0351,110.641,15.9242
5,pre,2.39,149.025749555732,74.8,110.966,16.2984
5,pre,2.395,151.36742806443166,75.5377,111.224,16.6644
5,pre,2.4,153.6879071347115,76.2414,111.415,17.0196
5,pre,2.4050000000000002,155.98775972436664,76.9164,111.539,17.3616
5,pre,2.41,158.26870470678242,77.5556,111.595,17.6878
5,pre,2.415,160.53074208195892,78.16,111.585,17.9959
5,pre,2.42,162.77501776548635,78.7302,111.51,18.2842
5,pre,2.4250000000000003,165.0032506307501,79.2617,111.367,18.5504
5,pre,2.43,167.2165865933405,79.7535,111.161,18.7937
5,pre,2.435,169.41674452664284,80.213,110.892,19.0123
5,pre,2.44,171.60429738845235,80.632,110.56,19.2061
5,pre,2.445,173.78096405215433,81.0142,110.168,19.3745
5,pre,2.45,175.94903634892935,81.3557,109.717,19.5172
5,pre,2.455,178.10851427877745,81.6605,109.207,19.635
5,pre,2.46,-179.7380062481295,81.9258,108.643,19.7281
5,pre,2.465,-177.58941451638893,82.1492,108.023,19.7984
5,pre,2.47,-175.44483348921426,82.3313,107.353,19.8472
5,pre,2.475,-173.3025442932201,82.4726,106.634,19.8761
5,pre,2.48,-171.16025509722593,82.574,105.868,19.8865
5,pre,2.485,-169.0179659012318,82.6336,105.058,19.8804
5,pre,2.49,-166.87395783185227,82.6545,104.208,19.8596
5,pre,2.495,-164.7259390579068,82.6308,103.319,19.8257
5,pre,2.5,-162.57276366380518,82.5681,102.394,19.7797
5,pre,2.505,-160.4132857339571,82.4607,101.436,19.7245
5,pre,2.5100000000000002,-158.2457863949772,82.3129,100.445,19.6601
5,pre,2.515,-156.0674008578898,82.1253,99.4252,19.5885
5,pre,2.52,-153.87812912269496,81.8958,98.3753,19.5114
5,pre,2.525,-151.6745334426218,81.6228,97.299,19.4289
5,pre,2.5300000000000002,-149.45546790208013,81.3071,96.1942,19.3423
5,pre,2.535,-147.2192136276845,80.9437,95.063,19.2517
5,pre,2.54,-144.96347878825446,80.5408,93.9044,19.1565
5,pre,2.545,-142.68597155260943,80.0969,92.7206,19.0574
5,pre,2.5500000000000003,-140.38554600515917,79.6143,91.5107,18.9544
5,pre,2.555,-138.05991031472317,79.0862,90.2746,18.8468
5,pre,2.56,-135.70791856571114,78.5213,89.0128,18.7357
5,pre,2.565,-133.32727892694257,77.913,87.7273,18.6201
5,pre,2.57,-130.91741844062233,77.2668,86.4163,18.5008
5,pre,2.575,-128.47719119116013,76.5858,85.0825,18.3774
5,pre,2.58,-126.00545126296578,75.8642,83.7263,18.2504
5,pre,2.585,-123.50105274044896,75.1108,82.3491,18.1201
5,pre,2.59,-120.96514153919992,74.3235,80.9499,17.9861
5,pre,2.595,-118.39657174362844,73.5003,79.5306,17.8481
5,pre,2.6,-115.7953433537345,72.6463,78.0954,17.7064
5,pre,2.605,-113.1631752429035,71.7721,76.6425,17.5602
5,pre,2.61,-110.50064036893058,70.8684,75.1768,17.4093
5,pre,2.615,-107.80773873181569,69.9449,73.6992,17.2537
5,pre,2.62,-105.08676216273942,69.0003,72.2119,17.0918
5,pre,2.625,-102.33885657729199,68.0389,70.7155,16.9239
5,pre,2.63,-99.5657408488588,67.0614,69.2123,16.7494
5,pre,2.6350000000000002,-96.77027976641553,66.0703,67.7047,16.568
5,pre,2.64,-93.95361924555239,65.0646,66.1946,16.3794
5,pre,2.645,-91.11919703304022,64.0425,64.685,16.1826
5,pre,2.65,-88.26873200226436,63.0128,63.1783,15.9781
5,pre,2.6550000000000002,-85.40566189999564,61.9695,61.6767,15.764
5,pre,2.66,-82.53227855741457,60.9124,60.1858,15.5416
5,pre,2.665,-79.65201972129192,59.8457,58.7077,15.31
5,pre,2.67,-76.76832313839849,58.7756,57.2492,15.0694
5,pre,2.6750000000000003,-73.88519951330018,57.6921,55.8131,14.8197
5,pre,2.68,-71.00494067717753,56.6062,54.4065,14.5613
5,pre,2.685,-68.13213029239158,55.5129,53.0317,14.2941
5,pre,2.69,-65.26963314791799,54.4194,51.6945,14.0182
5,pre,2.695,-62.42145994832268,53.3242,50.4006,13.7339
5,pre,2.7,-59.59162139817153,52.2358,49.1528,13.4407
5,pre,2.705,-56.78326876533781,51.1519,47.9567,13.1388
5,pre,2.71,-53.99926683879713,50.08,46.8147,12.8261
5,pre,2.715,-51.24305336532031,49.0195,45.7294,12.5019
5,pre,2.72,-48.51703476764688,47.9767,44.7025,12.1647
5,pre,2.725,-45.823789355854935,46.9578,43.7353,11.8117
5,pre,2.73,-43.16543707378645,45.9572,42.828,11.4405
5,pre,2.735,-40.543353020149745,44.9873,41.9808,11.0481
5,pre,2.74,-37.95908418099168,44.0462,41.1921,10.6325
5,pre,2.745,-35.41297433098933,43.135,40.4626,10.1897
5,pre,2.75,-32.905882906835394,42.2614,39.7905,9.71805
5,pre,2.755,-30.437523429632286,41.4302,39.1748,9.2156
5,pre,2.7600000000000002,-28.00743753314393,40.6348,38.6136,8.68025
5,pre,2.765,-25.614937668016147,39.8816,38.1056,8.11238
5,pre,2.77,-23.259164397556255,39.1784,37.6502,7.51121
5,pre,2.775,-20.938456144158373,38.513,37.246,6.87929
5,pre,2.7800000000000002,-18.651437809114178,37.8989,36.8938,6.21853
5,pre,2.785,-16.396333223258768,37.3339,36.593,5.53232
5,pre,2.79,-14.171251625868216,36.8096,36.3452,4.82642
5,pre,2.795,-11.974073073100536,36.3373,36.1533,4.10632
5,pre,2.8000000000000003,-9.802849508452281,35.9117,36.02,3.37874
5,pre,2.805,-7.655289100742929,35.5397,35.9484,2.65137
5,pre,2.81,-5.529386497689522,35.2126,35.9432,1.93244
5,pre,2.815,-3.422872786423343,34.9414,36.0096,1.22965
5,pre,2.82,-1.3336910484598712,34.7189,36.1527,0.552331
5,pre,2.825,0.7402213642633644,34.549,36.3783,-0.0919455
5,pre,2.83,2.800858344873419,34.4341,36.6915,-0.694758
5,pre,2.835,4.850116383672176,34.3741,37.0971,-1.24947
5,pre,2.84,6.889817486448149,34.3676,37.5998,-1.75009
5,pre,2.845,8.921640419541074,34.4143,38.202,-2.19301
5,pre,2.85,10.947218112667073,34.5153,38.9044,-2.57431
5,pre,2.855,12.968097551873003,34.6682,39.7079,-2.89388
5,pre,2.86,14.985653835867167,34.8721,40.6107,-3.15139
5,pre,2.865,17.001262063357892,35.1156,41.6089,-3.34869
5,pre,2.87,19.01601085415592,35.4123,42.698,-3.49034
5,pre,2.875,21.031160715410536,35.7499,43.8707,-3.58002
5,pre,2.88,23.047742971152978,36.1249,45.119,-3.62415
5,pre,2.8850000000000002,25.066731649634978,36.5309,46.4342,-3.62905
5,pre,2.89,27.08881430021068,36.9704,47.8071,-3.60245
5,pre,2.895,29.1153660215884,37.433,49.2282,-3.55052
5,pre,2.9,31.14661599688619,37.9215,50.688,-3.4809
5,pre,2.9050000000000002,33.18371014169433,38.4225,52.1777,-3.3999
5,pre,2.91,35.22733600536694,38.9473,53.69,-3.31303
5,pre,2.915,37.27818113725821,39.4798,55.2182,-3.22588
5,pre,2.92,39.33710497406083,40.0302,56.7547,-3.14384
5,pre,2.9250000000000003,41.404737769349424,40.5898,58.2969,-3.06855
5,pre,2.93,43.4818816640372,41.1661,59.8401,-3.00431
5,pre,2.935,45.56928150325782,41.7508,61.3811,-2.95232
5,pre,2.94,47.667911315263,42.3556,62.9173,-2.91385
5,pre,2.945,49.77845864940689,42.9706,64.447,-2.89023
5,pre,2.95,51.90195482972075,43.5977,65.967,-2.8803
5,pre,2.955,54.039316588676776,44.2395,67.4756,-2.88436
5,pre,2.96,56.19168984186523,44.8958,68.9731,-2.90004
5,pre,2.965,58.359762138640264,45.5659,70.4576,-2.92643
5,pre,2.97,60.54502316926923,46.2524,71.9279,-2.9602
5,pre,2.975,62.748618849342364,46.9573,73.3836,-2.99973
5,pre,2.98,64.97112213665484,47.6693,74.8247,-3.0405
5,pre,2.985,67.214251904592,48.4,76.2501,-3.08071
5,pre,2.99,69.47858111094902,49.1495,77.6613,-3.11516
5,pre,2.995,71.76582862911127,49.9122,79.0568,-3.14149
5,pre,3.0,74.07599445907874,50.6925,80.4372,-3.15438
5,pre,3.005,76.41137043203199,51.4848,81.8035,-3.1514
5,pre,3.0100000000000002,78.77138359017583,52.2976,83.1551,-3.12779
5,pre,3.015,81.15775280689572,53.1216,84.4929,-3.08009
5,pre,3.02,83.56990512439648,53.961,85.8152,-3.00458
5,pre,3.025,86.00841350047327,54.8147,87.1234,-2.8982
5,pre,3.0300000000000002,88.47270497733093,55.6848,88.4159,-2.75748
5,pre,3.035,90.96277955496949,56.5679,89.6925,-2.57962
5,pre,3.04,93.47806427559381,57.4595,90.9539,-2.36175
5,pre,3.045,96.01626730802336,58.3573,92.1977,-2.10125
5,pre,3.0500000000000003,98.57681569446301,59.2637,93.4222,-1.79669
5,pre,3.055,101.15741760373224,60.1787,94.6286,-1.44533
5,pre,3.06,103.75520824685537,61.0945,95.814,-1.04657
5,pre,3.065,106.36789579265194,62.0095,96.9756,-0.599472
5,pre,3.0700000000000003,108.99261545214624,62.9281,98.1142,-0.104186
5,pre,3.075,111.62535652077237,63.8434,99.2253,0.438734
5,pre,3.08,114.26325420955467,64.752,100.308,1.02814
5,pre,3.085,116.90229781392725,65.6613,101.359,1.66248
5,pre,3.09,119.53847662932418,66.5574,102.377,2.33948
5,pre,3.095,122.16835290897465,67.4454,103.356,3.05612
5,pre,3.1,124.78848890610791,68.3228,104.295,3.80875
5,pre,3.105,127.39487391615805,69.1886,105.191,4.59403
5,pre,3.11,129.9840701923542,70.0418,106.042,5.40733
5,pre,3.115,132.5543588613111,70.8795,106.843,6.2437
5,pre,3.12,135.10230217625787,71.6996,107.592,7.09856
5,pre,3.125,137.625608306014,72.5075,108.286,7.96623
5,pre,3.13,140.12255837719414,73.2906,108.923,8.84198
5,pre,3.1350000000000002,142.5925794320031,74.0588,109.5,9.72102
5,pre,3.14,145.0345255548507,74.8051,110.017,10.5978
5,pre,3.145,147.4478237879417,75.5295,110.47,11.4679
5,pre,3.15,149.83247413127617,76.234,110.86,12.3263
5,pre,3.1550000000000002,152.18847658485413,76.9094,111.183,13.1688
5,pre,3.16,154.51755002206093,77.56,111.437,13.9909
5,pre,3.165,156.81912148510145,78.1848,111.626,14.7893
5,pre,3.17,159.09605576295132,78.7754,111.742,15.5601
5,pre,3.1750000000000003,161.34949877120084,79.3424,111.789,16.301
5,pre,3.18,163.58002346764516,79.8674,111.763,17.009
5,pre,3.185,165.79106759905503,80.3607,111.666,17.6834
5,pre,3.19,167.98320412322553,80.817,111.5,18.3226
5,pre,3.1950000000000003,170.1592978291324,81.2367,111.263,18.9262
5,pre,3.2,172.32164054795612,81.6109,110.957,19.4941
5,pre,3.205,174.471378195287,81.95,110.583,20.0263
5,pre,3.21,176.61194851789574,82.2443,110.143,20.5238
5,pre,3.215,178.74449743137265,82.4963,109.642,20.9869
5,pre,3.22,-179.1278061963152,82.7062,109.078,21.4164
5,pre,3.225,-177.00385164976524,82.8703,108.455,21.8141
5,pre,3.23,-174.8810430188055,82.9935,107.776,22.1799
5,pre,3.235,-172.75708847225556,83.0667,107.042,22.5154
5,pre,3.24,-170.63084209452506,83.1039,106.255,22.8216
5,pre,3.245,-168.50001205443354,83.0905,105.418,23.0983
5,pre,3.25,-166.3634524363907,83.0354,104.532,23.3463
5,pre,3.255,-164.21944436701114,82.9344,103.599,23.5657
5,pre,3.2600000000000002,-162.06741488849977,82.7898,102.62,23.756
5,pre,3.265,-159.90621808526632,82.6054,101.596,23.9179
5,pre,3.27,-157.73528099951565,82.3766,100.528,24.0506
5,pre,3.275,-155.5540306734526,82.1012,99.4163,24.1541
5,pre,3.2800000000000002,-153.3630400648723,81.7819,98.2636,24.2286
5,pre,3.285,-151.16230917377484,81.4203,97.0684,24.2733
5,pre,3.29,-148.95069208456985,81.0174,95.8337,24.2899
5,pre,3.295,-146.72876175505255,80.57,94.5588,24.2779
5,pre,3.3000000000000003,-144.4965181852228,80.0725,93.245,24.2384
5,pre,3.305,-142.25338841728566,79.5379,91.8968,24.173
5,pre,3.31,-139.99765357785563,78.9553,90.5133,24.0836
5,pre,3.315,-137.72874070913755,78.3346,89.1008,23.9726
5,pre,3.3200000000000003,-135.44607685333636,77.6682,87.6616,23.8424
5,pre,3.325,-133.1479431370666,76.9643,86.1986,23.6965
5,pre,3.33,-130.83262068694296,76.2238,84.7166,23.5384
5,pre,3.335,-128.49839062957997,75.449,83.2217,23.3726
5,pre,3.34,-126.14296113379717,74.6377,81.7187,23.2039
5,pre,3.345,-123.76518628400426,73.7953,80.213,23.0372
5,pre,3.35,-121.36277424902072,72.92,78.7115,22.8776
5,pre,3.355,-118.93343319766602,72.0173,77.2204,22.7317
5,pre,3.36,-116.4754442565548,71.0943,75.7465,22.6043
5,pre,3.365,-113.98708855230163,70.1475,74.296,22.5011
5,pre,3.37,-111.46664721152113,69.1805,72.8741,22.4266
5,pre,3.375,-108.91297431862304,68.1927,71.4865,22.3866
5,pre,3.38,-106.32377804242687,67.1931,70.1388,22.3844
5,pre,3.3850000000000002,-103.70020429852282,66.18,68.6052,22.1137
5,pre,3.39,-101.03996125573042,65.1569,67.0678,21.8157
5,pre,3.395,-98.34476778743503,64.1244,65.5272,21.488
5,pre,3.4,-95.61347797804639,63.0838,63.9855,21.1304
5,pre,3.4050000000000002,-92.84723774315478,62.04,62.4465,20.7399
5,pre,3.41,-90.04776595614558,60.9907,60.9106,20.3168
5,pre,3.415,-87.2173544481993,59.933,59.3791,19.8597
5,pre,3.42,-84.35772209270137,58.8747,57.8569,19.3676
5,pre,3.4250000000000003,-81.47116072083227,57.8165,56.3454,18.8413
5,pre,3.43,-78.56168103715795,56.7554,54.8474,18.2804
5,pre,3.435,-75.63329374624432,55.6939,53.3646,17.6863
5,pre,3.44,-72.68829067927189,54.6321,51.901,17.0601
5,pre,3.4450000000000003,-69.73297437198711,53.5755,50.4592,16.4038
5,pre,3.45,-66.77020961336561,52.5184,49.0432,15.7202
5,pre,3.455,-63.80572598135874,51.4714,47.6569,15.012
5,pre,3.46,-60.84353418053238,50.4275,46.3034,14.2836
5,pre,3.465,-57.88936378883785,49.3997,44.9883,13.5388
5,pre,3.47,-54.94711091928205,48.3821,43.7158,12.7821
5,pre,3.475,-52.021817600462114,47.3786,42.4911,12.0188
5,pre,3.48,-49.117952903180075,46.3924,41.3196,11.2543
5,pre,3.485,-46.23981401089942,45.4293,40.2056,10.4932
5,pre,3.49,-43.3912397408475,44.4864,39.1545,9.74187
5,pre,3.495,-40.575897022913175,43.5694,38.1709,9.00489
5,pre,3.5,-37.797051716528685,42.6806,37.2579,8.28723
5,pre,3.505,-35.05745401911066,41.8202,36.4203,7.59388
5,pre,3.5100000000000002,-32.35962494495766,40.9893,35.6597,6.92969
5,pre,3.515,-29.705340663234608,40.1879,34.9783,6.29804
5,pre,3.52,-27.096262751547375,39.4233,34.3791,5.70277
5,pre,3.525,-24.532849576132076,38.6904,33.8621,5.14718
5,pre,3.5300000000000002,-22.015960573681397,37.9977,33.4297,4.63383
5,pre,3.535,-19.545194673738745,37.3372,33.0809,4.16504
5,pre,3.54,-17.120150805847537,36.7154,32.8173,3.74255
5,pre,3.545,-14.739453871299451,36.1333,32.6395,3.36802
5,pre,3.5500000000000003,-12.401499588268129,35.5897,32.547,3.04294
5,pre,3.555,-10.104110717132068,35.0895,32.5411,2.76754
5,pre,3.56,-7.84453706047464,34.637,32.6231,2.54279
5,pre,3.565,-5.619776319449362,34.2238,32.7932,2.36902
5,pre,3.5700000000000003,-3.426299074038225,33.8652,33.0532,2.24618
5,pre,3.575,-1.260467042242152,33.555,33.4033,2.17304
5,pre,3.58,0.8814268128733558,33.2917,33.845,2.14954
5,pre,3.585,3.0029692071058167,33.0886,34.3787,2.17362
5,pre,3.59,5.107448918199282,32.9403,35.0046,2.2448
5,pre,3.595,7.197954188669505,32.846,35.7236,2.35923
5,pre,3.6,9.277103435640237,32.8119,36.535,2.51487
5,pre,3.605,11.347142653668389,32.8349,37.4367,2.70781
5,pre,3.61,13.410249082375456,32.9144,38.4265,2.93376
5,pre,3.615,15.468027003587808,33.0462,39.5002,3.18828
5,pre,3.62,17.52190881179327,33.2358,40.6536,3.46519
5,pre,3.625,19.573212309920642,33.474,41.8807,3.75916
5,pre,3.63,21.622796934662624,33.7612,43.1743,4.06346
5,pre,3.6350000000000002,23.671808601609477,34.0931,44.528,4.37251
5,pre,3.64,25.720820268556324,34.4629,45.9332,4.67951
5,pre,3.645,27.770634076416357,34.8674,47.3829,4.97913
5,pre,3.65,29.821822982984703,35.3065,48.8685,5.2655
5,pre,3.6550000000000002,31.875246424954064,35.7713,50.3832,5.53439
5,pre,3.66,33.93124817700151,36.2643,51.9202,5.78058
5,pre,3.665,35.99045849270169,36.7801,53.4735,6.00109
5,pre,3.67,38.05367951296778,37.3144,55.039,6.19384
5,pre,3.6750000000000003,40.12159878715395,37.8678,56.6121,6.35569
5,pre,3.68,42.19496116039386,38.4373,58.1897,6.48642
5,pre,3.685,44.27479795671874,39.0255,59.7696,6.58505
5,pre,3.69,46.36179672548277,39.631,61.3491,6.65106
5,pre,3.6950000000000003,48.45704608649668,40.2533,62.9266,6.685
5,pre,3.7,50.56146277223268,40.8896,64.5001,6.68831
5,pre,3.705,52.676192698281035,41.5434,66.068,6.6608
5,pre,3.71,54.80249637179104,42.2146,67.6291,6.60487
5,pre,3.715,56.94140511679391,42.904,69.1818,6.52173
5,pre,3.72,59.09429403199798,43.6104,70.7252,6.4138
5,pre,3.725,61.262366328773005,44.333,72.2571,6.28332
5,pre,3.73,63.44648144381171,45.0725,73.7764,6.13293
5,pre,3.735,65.64835825049946,45.8314,75.2806,5.96575
5,pre,3.74,67.86914266442653,46.6024,76.7692,5.78413
5,pre,3.745,70.10940764338805,47.3892,78.2398,5.59279
5,pre,3.75,72.3708720607694,48.1956,79.6909,5.3947
5,pre,3.755,74.65410887436573,49.0127,81.1203,5.19381
5,pre,3.7600000000000002,76.9602639997673,49.8429,82.5273,4.99467
5,pre,3.765,79.28991039476924,50.683,83.9105,4.79989
5,pre,3.77,81.64304805937154,51.5389,85.2687,4.61483
5,pre,3.775,84.02082290916445,52.403,86.602,4.44336
5,pre,3.7800000000000002,86.4238079019431,53.2817,87.909,4.28854
5,pre,3.785,88.85028416432215,54.1664,89.1909,4.15493
5,pre,3.79,91.30139761189182,55.065,90.4486,4.04617
5,pre,3.795,93.77542937126671,55.975,91.6807,3.96474
5,pre,3.8000000000000003,96.27237944244683,56.8965,92.8882,3.91404
5,pre,3.805,98.79110190984194,57.8243,94.072,3.89741
5,pre,3.81,101.32930494227148,58.7675,95.2316,3.91561
5,pre,3.815,103.88526966635008,59.7194,96.3657,3.97212
5,pre,3.8200000000000003,106.45785016648749,60.6775,97.4741,4.06801
5,pre,3.825,109.0436086959129,61.6445,98.5557,4.20401
5,pre,3.83,111.64025342344578,62.6118,99.6083,4.38144
5,pre,3.835,114.2449195601105,63.5868,100.632,4.60098
5,pre,3.84,116.85416935913625,64.5589,101.624,4.86307
5,pre,3.845,119.46456507375228,65.5298,102.582,5.16669
5,pre,3.85,122.07324191498294,66.4971,103.506,5.51248
5,pre,3.855,124.67733509385252,67.4606,104.393,5.89806
5,pre,3.86,127.27283390579517,68.4164,105.24,6.32248
5,pre,3.865,129.85687356183516,69.3626,106.046,6.78397
5,pre,3.87,132.42601631520176,70.2981,106.806,7.28036
5,pre,3.875,134.97739737691933,71.2174,107.52,7.80848
5,pre,3.88,137.50987083139756,72.1192,108.185,8.36609
5,pre,3.8850000000000002,140.01999893186573,72.9994,108.798,8.94966
5,pre,3.89,142.50663576273348,73.8619,109.357,9.55525
5,pre,3.895,144.96863540841065,74.6977,109.859,10.1805
5,pre,3.9,147.4048519533069,75.5074,110.303,10.8201
5,pre,3.9050000000000002,149.81471243962713,76.2863,110.685,11.4712
5,pre,3.91,152.19878982516647,77.0364,111.005,12.1294
5,pre,3.915,154.5559381943347,77.7478,111.262,12.7904
5,pre,3.92,156.8884493783123,78.4231,111.452,13.4502
5,pre,3.9250000000000003,159.19689633489435,79.0572,111.575,14.1045
5,pre,3.93,161.48185202187608,79.6558,111.632,14.749
5,pre,3.935,163.74503531264284,80.2129,111.62,15.3794
5,pre,3.94,165.98816508058002,80.7265,111.542,15.9915
5,pre,3.9450000000000003,168.21353315686812,81.2038,111.395,16.5825
5,pre,3.95,170.42228545709744,81.6335,111.145,17.1093
5,pre,3.955,172.6167138124485,82.0274,110.829,17.609
5,pre,3.96,174.79968301189695,82.3781,110.447,18.0795
5,pre,3.9650000000000003,176.9717660132379,82.6869,110.004,18.5213
5,pre,3.97,179.13640056324215,82.9554,109.487,18.9238
5,pre,3.975,-178.70439038571354,83.1784,108.911,19.2967
5,pre,3.98,-176.5494961182265,83.3599,108.278,19.6416
5,pre,3.985,-174.39574776632972,83.4927,107.59,19.9592
5,pre,3.99,-172.24199941443294,83.5837,106.85,20.2503
5,pre,3.995,-170.08595923135567,83.6305,106.061,20.5167
5,pre,4.0,-167.92590834371245,83.6315,105.226,20.759
5,pre,4.005,-165.76012787811794,83.585,104.345,20.9785
5,pre,4.01,-163.5863260033916,83.4903,103.421,21.1764
5,pre,4.015,-161.40335680394315,83.3523,102.458,21.3536
5,pre,4.0200000000000005,-159.20950140638723,83.1679,101.457,21.5109
5,pre,4.025,-157.00304093733845,82.9378,100.42,21.65
5,pre,4.03,-154.78340243900163,82.6636,99.3509,21.7705
5,pre,4.035,-152.54772112240116,82.3458,98.249,21.8736
5,pre,4.04,-150.29599698753702,81.9832,97.1159,21.9598
5,pre,4.045,-148.02593820322872,81.5749,95.9527,22.0295
5,pre,4.05,-145.7375447694762,81.1247,94.7609,22.0834
5,pre,4.055,-143.42852485509897,80.6303,93.5415,22.1218
5,pre,4.0600000000000005,-141.0983055023019,80.0951,92.2947,22.145
5,pre,4.065,-138.74574079549478,79.5232,91.0233,22.1541
5,pre,4.07,-136.36968481908724,78.9071,89.7273,22.1494
5,pre,4.075,-133.96956461528424,78.2545,88.407,22.1318
5,pre,4.08,-131.54480722629057,77.5634,87.065,22.1019
5,pre,4.085,-129.0936937787209,76.8396,85.7016,22.0605
5,pre,4.09,-126.61622427257522,76.0789,84.3182,22.0081
5,pre,4.095,-124.11182575005841,75.2838,82.9155,21.945
5,pre,4.1,-121.57935229558018,74.4527,81.4942,21.8704
5,pre,4.105,-119.01823095134537,73.5962,80.0551,21.7846
5,pre,4.11,-116.42960763294433,72.7098,78.5999,21.6871
5,pre,4.115,-113.81176346699161,71.7951,77.1289,21.5767
5,pre,4.12,-111.16527141128232,70.8582,75.6446,21.4517
5,pre,4.125,-108.4901314658165,69.8962,74.1458,21.3112
5,pre,4.13,-105.78806250397953,68.9202,72.6354,21.1533
5,pre,4.135,-103.05734565238603,67.9223,71.1135,20.9757
5,pre,4.14,-100.30141865780678,66.9117,69.5801,20.7762
5,pre,4.1450000000000005,-97.52028152024178,65.8863,68.0393,20.5521
5,pre,4.15,-94.71622607087151,64.8467,66.4897,20.3028
5,pre,4.155,-91.8903982252863,63.8017,64.9341,20.0244
5,pre,4.16,-89.04623573025688,62.7452,63.3756,19.7161
5,pre,4.165,-86.18545745916869,61.686,61.8145,19.3759
5,pre,4.17,-83.31150115879248,60.62,60.2549,19.0021
5,pre,4.175,-80.42780457589905,59.5437,58.6969,18.5926
5,pre,4.18,-77.53723249946405,58.4695,57.1455,18.1468
5,pre,4.1850000000000005,-74.64379563405339,57.3875,55.6015,17.6638
5,pre,4.19,-71.75150468423298,56.3051,54.0709,17.1444
5,pre,4.195,-68.86437035456878,55.2212,52.5561,16.5877
5,pre,4.2,-65.98583039183151,54.141,51.062,15.9962
5,pre,4.205,-63.11989550058714,53.0614,49.5928,15.3707
5,pre,4.21,-60.270576385401554,51.9874,48.1532,14.7149
5,pre,4.215,-57.440164877455295,50.92,46.7477,14.0309
5,pre,4.22,-54.63307275177085,49.869,45.3821,13.3236
5,pre,4.225,-51.8513626564107,48.823,44.0611,12.5964
5,pre,4.23,-49.097899380350505,47.7937,42.7896,11.8553
5,pre,4.235,-46.37457368431419,46.7829,41.5741,11.1059
5,pre,4.24,-43.683448216364226,45.7946,40.4196,10.3533
5,pre,4.245,-41.02538241319331,44.8266,39.331,9.60442
5,pre,4.25,-38.401980556627805,43.8854,38.314,8.86517
5,pre,4.255,-35.81335723822674,42.9734,37.3721,8.14143
5,pre,4.26,-33.26002812000575,42.0918,36.5096,7.43935
5,pre,4.265,-30.741878610405777,41.2404,35.7292,6.76465
5,pre,4.2700000000000005,-28.258736822088306,40.4201,35.0324,6.12252
5,pre,4.275,-25.810144388817218,39.6375,34.4207,5.51801
5,pre,4.28,-23.39484080344323,38.8875,33.8955,4.95484
5,pre,4.285,-21.012138516612193,38.1766,33.4556,4.43663
5,pre,4.29,-18.66089161273383,37.503,33.1026,3.96685
5,pre,4.295,-16.339782288879356,36.8652,32.8352,3.54792
5,pre,4.3,-14.04749274211996,36.268,32.6532,3.18163
5,pre,4.305,-11.782418690629274,35.7105,32.5559,2.86933
5,pre,4.3100000000000005,-9.543013148360453,35.1991,32.5448,2.61216
5,pre,4.315,-7.327614537707611,34.7267,32.6195,2.41102
5,pre,4.32,-5.1347388979813635,34.2994,32.7811,2.26638
5,pre,4.325,-2.9626272487506555,33.9168,33.0311,2.17812
5,pre,4.33,-0.8096294715655123,33.5922,33.3703,2.14581
5,pre,4.335,1.3258587154004329,33.3142,33.8006,2.16881
5,pre,4.34,3.4455103489089622,33.0878,34.3222,2.24544
5,pre,4.345,5.550849496695123,32.9258,34.9361,2.3734
5,pre,4.3500000000000005,7.64342887438372,32.8138,35.6413,2.54984
5,pre,4.355,9.724755360975948,32.7682,36.438,2.77132
5,pre,4.36,11.796226973491928,32.7755,37.3243,3.03331
5,pre,4.365,13.85921881063997,32.8458,38.297,3.3303
5,pre,4.37,15.914876788010336,32.9715,39.3528,3.65716
5,pre,4.375,17.964747891649882,33.15,40.4861,4.00684
5,pre,4.38,20.009863445589843,33.3873,41.6922,4.3733
5,pre,4.385,22.051197478081942,33.673,42.9642,4.74855
5,pre,4.39,24.090067792054974,34.0043,44.2953,5.12637
5,pre,4.3950000000000005,26.127333824201646,34.3835,45.6783,5.4995
5,pre,4.4,28.164026898553182,34.7988,47.1051,5.862
5,pre,4.405,30.20112104336131,35.2473,48.5685,6.20677
5,pre,4.41,32.23959028687776,35.7314,50.0616,6.52857
5,pre,4.415,34.28017947423618,36.2447,51.5793,6.8224
5,pre,4.42,36.324091816806366,36.7811,53.1144,7.0849
5,pre,4.425,38.372186751281006,37.3389,54.6636,7.31286
5,pre,4.43,40.425209122793774,37.92,56.2231,7.50369
5,pre,4.4350000000000005,42.48413295959639,38.5209,57.7889,7.65571
5,pre,4.44,44.550390656176674,39.1419,59.3596,7.76869
5,pre,4.445,46.624555170329764,39.7809,60.9324,7.84185
5,pre,4.45,48.70805889654349,40.4371,62.5061,7.87609
5,pre,4.455,50.801646679951524,41.1148,64.0791,7.87153
5,pre,4.46,52.9068082108212,41.8045,65.6497,7.82965
5,pre,4.465,55.02457481318374,42.5105,67.2162,7.75213
5,pre,4.47,57.1559778110704,43.2377,68.7778,7.64085
5,pre,4.4750000000000005,59.302277711630474,43.9836,70.3336,7.49865
5,pre,4.48,61.465193388249325,44.7415,71.8811,7.3277
5,pre,4.485,63.645297798722105,45.512,73.4186,7.13192
5,pre,4.49,65.8443098164342,46.2985,74.9439,6.91349
5,pre,4.495,68.06280239918075,47.0989,76.4539,6.67684
5,pre,4.5,70.30192146255202,47.9112,77.9478,6.42508
5,pre,4.505,72.56281292213824,48.7302,79.4222,6.16243
5,pre,4.51,74.8466226935297,49.5619,80.875,5.89399
5,pre,4.515,77.1533507767264,50.3983,82.3046,5.62325
5,pre,4.5200000000000005,79.48357012952346,51.2449,83.7103,5.35463
5,pre,4.525,81.83842666751114,52.0999,85.0906,5.09318
5,pre,4.53,84.21734743289431,52.9577,86.4448,4.84296
5,pre,4.535,86.62090538346811,53.826,87.7737,4.60873
5,pre,4.54,89.04852756143741,54.7033,89.0772,4.39405
5,pre,4.545,91.49906805121194,55.5882,90.355,4.203
5,pre,4.55,93.97309981058683,56.4822,91.6073,4.03964
5,pre,4.555,96.46833100838157,57.3835,92.8349,3.90662
5,pre,4.5600000000000005,98.98418868680103,58.2927,94.0371,3.80745
5,pre,4.565,101.51895397245978,59.2159,95.214,3.74426
5,pre,4.57,104.07090799197246,60.1431,96.3662,3.71929
5,pre,4.575,106.63718595636342,61.0774,97.4909,3.7344
5,pre,4.58,109.21721490783752,62.018,98.5878,3.79045
5,pre,4.585,111.80698414182885,62.965,99.6553,3.88864
5,pre,4.59,114.404774784952,63.9098,100.69,4.0289
5,pre,4.595,117.00772204823133,64.8595,101.692,4.21202
5,pre,4.6000000000000005,119.61238818489605,65.8016,102.659,4.43731
5,pre,4.605,122.21648136376565,66.7477,103.588,4.70363
5,pre,4.61,124.81713679586444,67.6832,104.476,5.01082
5,pre,4.615,127.41034377662656,68.6086,105.321,5.35651
5,pre,4.62,129.99495639046168,69.5305,106.121,5.73908
5,pre,4.625,132.56639097500883,70.4359,106.874,6.15609
5,pre,4.63,135.1235016146777,71.3297,107.576,6.6051
5,pre,4.635,137.66342352049264,72.2049,108.227,7.08372
5,pre,4.64,140.18386486127312,73.0642,108.824,7.58914
5,pre,4.6450000000000005,142.68367972142892,73.9012,109.364,8.11797
5,pre,4.65,145.16000331198433,74.7162,109.845,8.66747
5,pre,4.655,147.61283563293938,75.5046,110.268,9.2342
5,pre,4.66,150.04045781090866,76.2685,110.63,9.81534
5,pre,4.665,152.4428698458922,76.9973,110.927,10.4069
5,pre,4.67,154.82007173789,77.6962,111.161,11.006
5,pre,4.675,157.1714905291069,78.3678,111.331,11.6082
5,pre,4.68,159.49827213513316,78.9956,111.434,12.2102
5,pre,4.6850000000000005,161.8004165559688,79.5929,111.468,12.8082
5,pre,4.69,164.07906970720413,80.1463,111.434,13.3989
5,pre,4.695,166.33652342001955,80.6641,111.331,13.9801
5,pre,4.7,168.57277769441515,81.1371,111.16,14.5486
5,pre,4.705,170.79012436157143,81.569,110.92,15.1022
5,pre,4.71,172.9897093370787,81.9566,110.613,15.6392
5,pre,4.715,175.1743974099125,82.3044,110.24,16.1579
5,pre,4.72,177.3453344956632,82.6048,109.802,16.6577
5,pre,4.7250000000000005,179.50423946771613,82.8663,109.302,17.1376
5,pre,4.73,-178.34629176375674,83.0819,108.741,17.5972
5,pre,4.735,-176.20572144114797,83.2496,108.123,18.0376
5,pre,4.74,-174.07088069649055,83.3712,107.448,18.4575
5,pre,4.745,-171.94062361419412,83.4509,106.72,18.8586
5,pre,4.75,-169.81380427866853,83.4852,105.943,19.2407
5,pre,4.755,-167.68870381652832,83.4704,105.118,19.6047
5,pre,4.76,-165.56360335438805,83.4133,104.249,19.951
5,pre,4.765,-163.4373569766576,83.3094,103.336,20.2807
5,pre,4.7700000000000005,-161.3088187677466,83.1602,102.385,20.5944
5,pre,4.775,-159.17569689647453,82.9656,101.396,20.8921
5,pre,4.78,-157.03741840504628,82.7292,100.373,21.1748
5,pre,4.785,-154.89283737787161,82.4409,99.3159,21.4427
5,pre,4.79,-152.74023494156512,82.1096,98.2269,21.6961
5,pre,4.795,-150.5784651805365,81.7367,97.1062,21.935
5,pre,4.8,-148.40580922140046,81.317,95.9542,22.1592
5,pre,4.805,-146.2211211485666,80.8542,94.7732,22.3684
5,pre,4.8100000000000005,-144.0238280042399,80.3476,93.5618,22.5628
5,pre,4.815,-141.81106499944468,79.7994,92.323,22.7416
5,pre,4.82,-139.58283213418088,79.2067,91.0558,22.9047
5,pre,4.825,-137.33683757726808,78.58,89.7617,23.0513
5,pre,4.83,-135.07193541311594,77.9101,88.442,23.1824
5,pre,4.835,-132.7869797261342,77.2067,87.0981,23.2972
5,pre,4.84,-130.47967868514237,76.4665,85.7291,23.396
5,pre,4.845,-128.14945933234532,75.6909,84.3373,23.4779
5,pre,4.8500000000000005,-125.7940298365625,74.8818,82.9227,23.5429
5,pre,4.855,-123.4128172399988,74.0433,81.4851,23.5897
5,pre,4.86,-121.00238379588343,73.1732,80.0267,23.6174
5,pre,4.865,-118.5633024620115,72.2704,78.548,23.6253
5,pre,4.87,-116.09328140720253,71.3463,77.0486,23.6114
5,pre,4.875,-113.59060175807109,70.3977,75.5307,23.5745
5,pre,4.88,-111.05411759902694,69.4269,73.9967,23.5121
5,pre,4.885,-108.48211005668468,68.4311,72.4461,23.4224
5,pre,4.89,-105.87400617324917,67.4237,70.8805,23.3031
5,pre,4.8950000000000005,-103.22980594872044,66.3976,69.3034,23.1513
5,pre,4.9,-100.54721755191791,65.3596,67.7158,22.9651
5,pre,4.905,-97.82681394063675,64.3098,66.1196,22.7422
5,pre,4.91,-95.06859511487697,63.2549,64.5183,22.4805
5,pre,4.915,-92.27256107463855,62.1864,62.9154,22.1774
5,pre,4.92,-89.4404306933069,61.1189,61.3132,21.8321
5,pre,4.925,-86.57277692867713,60.0464,59.7158,21.4431
5,pre,4.93,-83.67189161192977,58.9695,58.1262,21.0091
5,pre,4.9350000000000005,-80.74121248983562,57.8922,56.5479,20.5301
5,pre,4.94,-77.78245843578004,56.8147,54.985,20.0066
5,pre,4.945,-74.80135902771437,55.742,53.4419,19.4393
5,pre,4.95,-71.80135201240937,54.6672,51.9231,18.8295
5,pre,4.955,-68.78873992561151,53.6028,50.4324,18.1796
5,pre,4.96,-65.76867938747694,52.5434,48.9734,17.4926
5,pre,4.965,-62.74747293375211,51.489,47.552,16.7712
5,pre,4.97,-59.731423100183456,50.4487,46.1722,16.0208
5,pre,4.9750000000000005,-56.72832211278475,49.4181,44.8383,15.2456
5,pre,4.98,-53.74452980308197,48.4093,43.5567,14.4505
5,pre,4.985,-50.78669248149861,47.4143,42.3308,13.6416
5,pre,4.99,-47.861456458458186,46.4432,41.167,12.8253
5,pre,4.995,-44.97455131191202,45.4913,40.0696,12.0077
5,pre,5.0,-42.13159202825239,44.5647,39.0432,11.1954
5,pre,5.005,-39.33710497406083,43.6675,38.0919,10.3947
5,pre,5.01,-36.59424141721055,42.7987,37.219,9.6118
5,pre,5.015,-33.905694259338674,41.9617,36.4268,8.85351
5,pre,5.0200000000000005,-31.272724007594487,41.157,35.7175,8.12454
5,pre,5.025,-28.69521607041897,40.386,35.0917,7.43067
5,pre,5.03,-26.172024532221847,39.65,34.5505,6.7772
5,pre,5.035,-23.70028460402748,38.9503,34.0923,6.16711
5,pre,5.04,-21.277303384198735,38.2859,33.7182,5.60532
5,pre,5.045,-18.899012872390202,37.6597,33.4265,5.09399
5,pre,5.05,-16.5615742513745,37.0683,33.2168,4.63615
5,pre,5.055,-14.260976816585703,36.5182,33.0869,4.23316
5,pre,5.0600000000000005,-11.99366822969401,36.0031,33.0369,3.88593
5,pre,5.065,-9.756038856590093,35.5306,33.0651,3.5958
5,pre,5.07,-7.544937429400732,35.0982,33.1712,3.36153
5,pre,5.075,-5.357459052104616,34.7078,33.3537,3.18391
5,pre,5.08,-3.191048332935461,34.36,33.614,3.06224
5,pre,5.085,-1.0433676040891315,34.0585,33.9526,2.99559
5,pre,5.09,1.0876400529188905,33.8058,34.3705,2.98253
5,pre,5.095,3.203785184721219,33.5965,34.8696,3.02239
5,pre,5.1000000000000005,5.306729368923734,33.4414,35.4504,3.11285
5,pre,5.105,7.397916459170164,33.3431,36.1159,3.25178
5,pre,5.11,9.478727283746775,33.2926,36.866,3.43591
5,pre,5.115,11.550370783601291,33.3053,37.7019,3.66301
5,pre,5.12,13.61405017010349,33.3748,38.6227,3.92696
5,pre,5.125,15.670739471505096,33.4922,39.6258,4.22372
5,pre,5.13,17.721584603396366,33.6724,40.7089,4.54718
5,pre,5.135,19.767445002469994,33.903,41.8659,4.891
5,pre,5.14,21.809581175875273,34.1841,43.0914,5.24772
5,pre,5.1450000000000005,23.84856608140733,34.5126,44.3787,5.61147
5,pre,5.15,25.885602930435947,34.8806,45.7208,5.97518
5,pre,5.155,27.92183763855138,35.2874,47.1093,6.33235
5,pre,5.16,29.957900459328275,35.7289,48.538,6.67768
5,pre,5.165,31.995109195695434,36.2023,49.9989,7.00586
5,pre,5.17,34.034495171684085,36.7027,51.4856,7.31333
5,pre,5.175,36.07703241554595,37.2264,52.9927,7.59685
5,pre,5.18,38.12369495553277,37.7694,54.5158,7.85344
5,pre,5.1850000000000005,40.17602977769138,38.3349,56.0507,8.08245
5,pre,5.19,42.23501091027351,38.9131,57.5954,8.28277
5,pre,5.195,44.30195615620794,39.5178,59.1471,8.45432
5,pre,5.2,46.37795413530546,40.1292,60.7039,8.59793
5,pre,5.205,48.464322650494836,40.7642,62.2651,8.71394
5,pre,5.21,50.56226491314586,41.4173,63.8278,8.80418
5,pre,5.215,52.67338520508489,42.0847,65.3907,8.86966
5,pre,5.22,54.79871485034317,42.7686,66.9522,8.91212
5,pre,5.2250000000000005,56.93939976451095,43.4687,68.5101,8.93428
5,pre,5.23,59.09715882097363,44.1853,70.0623,8.93809
5,pre,5.235,61.27210661129023,44.9158,71.6077,8.92595
5,pre,5.24,63.46710792443642,45.6612,73.1429,8.9008
5,pre,5.245,65.68158980261705,46.4193,74.6673,8.86554
5,pre,5.25,67.91727111921753,47.1871,76.1785,8.82372
5,pre,5.255,70.17472483203296,47.9686,77.6746,8.77856
5,pre,5.26,72.45509685665365,48.764,79.1545,8.73338
5,pre,5.265,74.75838719307956,49.5652,80.6167,8.69094
5,pre,5.2700000000000005,77.08516879910583,50.3817,82.061,8.65524
5,pre,5.275,79.43601463252759,51.207,83.4856,8.62879
5,pre,5.28,81.81092469334484,52.0437,84.8897,8.61444
5,pre,5.285,84.20932602376249,52.8908,86.2733,8.61486
5,pre,5.29,86.63121862378048,53.749,87.6366,8.633
5,pre,5.295,89.07488362001342,54.6184,88.9774,8.66972
5,pre,5.3,91.5408939702565,55.5011,90.2973,8.72801
5,pre,5.305,94.02753080112426,56.3929,91.5931,8.80823
5,pre,5.3100000000000005,96.53307523923137,57.2966,92.8644,8.91241
5,pre,5.315,99.05580841119237,58.2104,94.1119,9.04036
5,pre,5.32,101.59401144362191,59.1295,95.3311,9.19349
5,pre,5.325,104.14596546313462,60.0609,96.524,9.3712
5,pre,5.33,106.70823272295964,60.9922,97.686,9.57418
5,pre,5.335,109.27966730750677,61.935,98.8162,9.80151
5,pre,5.34,111.85683147000522,62.8741,99.9131,10.0539
5,pre,5.345,114.43686042147932,63.8166,100.974,10.3296
5,pre,5.3500000000000005,117.01688937295343,64.7571,101.996,10.6282
5,pre,5.355,119.59405353545186,65.6914,102.978,10.9475
5,pre,5.36,122.16663403558928,66.6223,103.918,11.287
5,pre,5.365,124.73004721100457,67.5492,104.811,11.6432
5,pre,5.37,127.2831471461075,68.4683,105.657,12.0152
5,pre,5.375,129.82306905192243,69.3759,106.45,12.3991
5,pre,5.38,132.34752109726884,70.2741,107.192,12.7939
5,pre,5.385,134.8542114509662,71.1612,107.878,13.196
5,pre,5.39,137.3419941974242,72.036,108.507,13.6033
5,pre,5.3950000000000005,139.80915046325757,72.8918,109.077,14.0136
5,pre,5.4,142.25453433287595,73.7345,109.587,14.4239
5,pre,5.405,144.6781458062793,74.5555,110.035,14.832
5,pre,5.41,147.07883896787743,75.3562,110.42,15.2364
5,pre,5.415,149.45604085987523,76.1346,110.744,15.635
5,pre,5.42,151.8103244400678,76.8887,111.003,16.0261
5,pre,5.425,154.14283562404538,77.6149,111.2,16.4087
5,pre,5.43,156.45242849621772,78.3157,111.333,16.7813
5,pre,5.4350000000000005,158.74139488776535,78.9799,111.402,17.142
5,pre,5.44,161.00916184089317,79.6152,111.408,17.4905
5,pre,5.445,163.25744822898653,80.2161,111.351,17.8244
5,pre,5.45,165.48739996763567,80.7769,111.23,18.1429
5,pre,5.455,167.69901705684066,81.3074,111.046,18.4452
5,pre,5.46,169.89459132778197,81.7939,110.8,18.7309
5,pre,5.465,172.07469573825477,82.2397,110.494,18.9992
5,pre,5.47,174.24162211943954,82.6424,110.125,19.2507
5,pre,5.4750000000000005,176.39651638692658,83.0046,109.697,19.4853
5,pre,5.48,178.54167037189637,83.3226,109.213,19.703
5,pre,5.485,-179.32089297327428,83.5962,108.673,19.9049
5,pre,5.49,-177.19006293318273,83.8197,108.077,20.091
5,pre,5.495,-175.06381655545226,83.998,107.43,20.2617
5,pre,5.5,-172.93986200890228,84.1325,106.733,20.4179
5,pre,5.505,-170.81705337794259,84.2133,105.987,20.5599
5,pre,5.51,-168.69367178918773,84.2526,105.197,20.6879
5,pre,5.515,-166.56857132704752,84.2368,104.36,20.8024
5,pre,5.5200000000000005,-164.4400331181365,84.1742,103.481,20.903
5,pre,5.525,-162.30748420465963,84.065,102.56,20.9897
5,pre,5.53,-160.17035162882163,83.9061,101.6,21.0623
5,pre,5.535,-158.02748947503235,83.7035,100.599,21.1202
5,pre,5.54,-155.87832478549666,83.4559,99.5625,21.1633
5,pre,5.545,-153.72285756021446,83.1569,98.4883,21.1919
5,pre,5.55,-151.55994188359563,82.8161,97.381,21.2065
5,pre,5.555,-149.3901507134352,82.4325,96.2391,21.2062
5,pre,5.5600000000000005,-147.21291109193808,82.0078,95.0658,21.1928
5,pre,5.565,-145.027077103514,81.5337,93.8624,21.1661
5,pre,5.57,-142.83322170595807,81.0268,92.6303,21.1267
5,pre,5.575,-140.6296260258849,80.4708,91.3686,21.0761
5,pre,5.58,-138.41629006329453,79.8723,90.0799,21.0149
5,pre,5.585,-136.19149494480155,79.2392,88.7654,20.9436
5,pre,5.59,-133.9546677126108,78.5676,87.4253,20.8628
5,pre,5.595,-131.70408949333694,77.8575,86.0615,20.7733
5,pre,5.6000000000000005,-129.43804141359453,77.1125,84.6766,20.6753
5,pre,5.605,-127.15423164220307,76.332,83.2691,20.5692
5,pre,5.61,-124.8515142635723,75.5152,81.8407,20.4546
5,pre,5.615,-122.52587857313628,74.6736,80.3937,20.3312
5,pre,5.62,-120.17675161309991,73.8018,78.9291,20.199
5,pre,5.625,-117.79954972110212,72.9033,77.4481,20.0561
5,pre,5.63,-115.39312698155268,71.9833,75.9542,19.903
5,pre,5.635,-112.95404564768074,71.0418,74.4462,19.7378
5,pre,5.64,-110.48058684610098,70.0799,72.9275,19.5596
5,pre,5.6450000000000005,-107.9693128300426,69.0954,71.398,19.3661
5,pre,5.65,-105.41850472612018,68.1033,69.8604,19.1557
5,pre,5.655,-102.82701661874344,67.0935,68.314,18.926
5,pre,5.66,-100.19255667673194,66.0697,66.7595,18.6746
5,pre,5.665,-97.5151249000856,65.0409,65.1986,18.3992
5,pre,5.67,-94.79357537321418,63.9953,63.6325,18.0969
5,pre,5.675,-92.02962696950308,62.9475,62.0639,17.7664
5,pre,5.68,-89.22270673115719,61.8905,60.4944,17.4049
5,pre,5.6850000000000005,-86.37567944715214,60.8257,58.9265,17.0111
5,pre,5.69,-83.4902639908733,59.7617,57.3642,16.5842
5,pre,5.695,-80.5698981090915,58.6952,55.8119,16.1232
5,pre,5.7,-77.61859250637262,57.626,54.2723,15.6281
5,pre,5.705,-74.64093084507773,56.5603,52.7514,15.0997
5,pre,5.71,-71.64092382977275,55.4969,51.2531,14.5391
5,pre,5.715,-68.62372808061383,54.4359,49.7823,13.9482
5,pre,5.72,-65.59621909114256,53.3821,48.3442,13.3299
5,pre,5.7250000000000005,-62.56355348151511,52.3398,46.9444,12.6883
5,pre,5.73,-59.5314608296828,51.3049,45.5893,12.0269
5,pre,5.735,-56.5064728545101,50.2897,44.2843,11.351
5,pre,5.74,-53.49351699303515,49.2844,43.0342,10.6655
5,pre,5.745,-50.49883848522488,48.3047,41.8452,9.97538
5,pre,5.75,-47.52759395123545,47.3471,40.722,9.28717
5,pre,5.755,-44.58494001122307,46.4103,39.6696,8.60635
5,pre,5.76,-41.674944665533125,45.4986,38.6907,7.93808
5,pre,5.765,-38.80201968918815,44.618,37.7896,7.2886
5,pre,5.7700000000000005,-35.97006119519503,43.7667,36.9685,6.66235
5,pre,5.775,-33.1818766767499,42.9392,36.2283,6.06418
5,pre,5.78,-30.439987148151353,42.1514,35.5702,5.49778
5,pre,5.785,-27.746741736359404,41.3837,34.9943,4.96696
5,pre,5.79,-25.10340094852335,40.6561,34.5005,4.47532
5,pre,5.795,-22.510938812894917,39.9602,34.088,4.02525
5,pre,5.8,-19.969641808371662,39.2919,33.7557,3.61892
5,pre,5.805,-17.479395343394565,38.659,33.5033,3.25789
5,pre,5.8100000000000005,-15.039053502373362,38.064,33.3294,2.94412
5,pre,5.815,-12.647355778158765,37.5035,33.2343,2.67825
5,pre,5.82,-10.30212493112928,36.9775,33.2185,2.46132
5,pre,5.825,-8.000782651206816,36.4926,33.2818,2.29424
5,pre,5.83,-5.739891191620588,36.0522,33.4266,2.17772
5,pre,5.835,-3.5159669689761994,35.6538,33.6538,2.11175
5,pre,5.84,-1.3248904167266617,35.3051,33.9646,2.09631
5,pre,5.845,0.8374752204088705,35.0037,34.3598,2.13094
5,pre,5.8500000000000005,2.975106269528605,34.754,34.8407,2.21465
5,pre,5.855,5.091818629548113,34.5585,35.4082,2.34552
5,pre,5.86,7.191021399348424,34.4144,36.0624,2.5215
5,pre,5.865,9.275785632711436,34.3288,36.8032,2.74025
5,pre,5.87,11.348861527053781,34.2999,37.629,2.99772
5,pre,5.875,13.412598209335492,34.3254,38.5383,3.29051
5,pre,5.88,15.46900103183953,34.4063,39.5278,3.613
5,pre,5.885,17.5198461637308,34.5408,40.5936,3.96026
5,pre,5.89,19.56662329527664,34.7279,41.7314,4.3265
5,pre,5.8950000000000005,21.610822116744394,34.9626,42.9369,4.70605
5,pre,5.9,23.65335936060626,35.2468,44.2035,5.09271
5,pre,5.905,25.69543823823203,35.5674,45.5259,5.48035
5,pre,5.91,27.737975482093905,35.9347,46.8973,5.86331
5,pre,5.915,29.7819451204436,36.3365,48.3124,6.23552
5,pre,5.92,31.82797740685577,36.7729,49.7642,6.59152
5,pre,5.925,33.87739014425921,37.2384,51.2482,6.92741
5,pre,5.93,35.930584403110515,37.7387,52.7587,7.23812
5,pre,5.9350000000000005,37.988820690558974,38.2594,54.2921,7.52064
5,pre,5.94,40.05272926017923,38.8114,55.8423,7.77128
5,pre,5.945,42.12322684444349,39.3784,57.4067,7.98825
5,pre,5.95,44.20140206316249,39.9729,58.9808,8.16869
5,pre,5.955,46.28799976146992,40.5857,60.5609,8.31124
5,pre,5.96,48.38445233385361,41.2142,62.1439,8.41486
5,pre,5.965,50.491275442329155,41.86,63.726,8.47917
5,pre,5.97,52.609901481384405,42.5226,65.3057,8.50412
5,pre,5.9750000000000005,54.7410180003735,43.2006,66.8812,8.49067
5,pre,5.98,56.885942802225244,43.8928,68.4494,8.43942
5,pre,5.985,59.045592619411856,44.6018,70.0102,8.35225
5,pre,5.99,61.2211133675236,45.3247,71.5611,8.23036
